姓名,学号,证件号,学校,性别,年龄,居住地,家庭规模,父母婚姻状况,母亲受教育水平,父亲受教育水平,母亲工作,父亲工作
Leslie,F202400396,405864056,GP,F,18,U,GT3,A,4,4,at_home,teacher
Carl,F202400397,936427602,GP,F,17,U,GT3,T,1,1,at_home,other
Sophia,F202400398,491270604,GP,F,15,U,LE3,T,1,1,at_home,other
Raymond,F202400399,190120923,GP,F,15,U,GT3,T,4,2,health,services
Paige,F202400400,133827626,GP,F,16,U,GT3,T,3,3,other,other
Diane,F202400401,673239532,GP,M,16,U,LE3,T,4,3,services,other
Gerald,F202400402,977690109,GP,M,16,U,LE3,T,2,2,other,other
Owen,F202400403,679032441,GP,F,17,U,GT3,A,4,4,other,teacher
Adrian,F202400404,286203647,GP,M,15,U,LE3,A,3,2,services,other
William,F202400405,696808475,GP,M,15,U,GT3,T,3,4,other,other
Jerry,F202400406,134866606,GP,F,15,U,GT3,T,4,4,teacher,health
Carter,F202400407,391936801,GP,F,15,U,GT3,T,2,1,services,other
Isabella,F202400408,144939385,GP,M,15,U,LE3,T,4,4,health,services
Adelaide,F202400409,584865121,GP,M,15,U,GT3,T,4,3,teacher,other
Jackson,F202400410,137609041,GP,M,15,U,GT3,A,2,2,other,other
Caleb,F202400411,219777315,GP,F,16,U,GT3,T,4,4,health,other
Alyssa,F202400412,888706047,GP,F,16,U,GT3,T,4,4,services,services
Emmett,F202400413,602994666,GP,F,16,U,GT3,T,3,3,other,other
Bethany,F202400414,891556221,GP,M,17,U,GT3,T,3,2,services,services
Jacob,F202400415,510083315,GP,M,16,U,LE3,T,4,3,health,other
Maxwell,F202400416,288250607,GP,M,15,U,GT3,T,4,3,teacher,other
Janet,F202400417,806395777,GP,M,15,U,GT3,T,4,4,health,health
Adelaide,F202400418,827978707,GP,M,16,U,LE3,T,4,2,teacher,other
Corey,F202400419,651284497,GP,M,16,U,LE3,T,2,2,other,other
Warren,F202400420,682273926,GP,F,15,R,GT3,T,2,4,services,health
Bryan,F202400421,193878125,GP,F,16,U,GT3,T,2,2,services,services
Joshua,F202400422,186707507,GP,M,15,U,GT3,T,2,2,other,other
Harold,F202400423,158832843,GP,M,15,U,GT3,T,4,2,health,services
Brian,F202400424,670922863,GP,M,16,U,LE3,A,3,4,services,other
Jennifer,F202400425,110111057,GP,M,16,U,GT3,T,4,4,teacher,teacher
Robin,F202400426,149253130,GP,M,15,U,GT3,T,4,4,health,services
Ellen,F202400427,995340361,GP,M,15,U,GT3,T,4,4,services,services
Steven,F202400428,713145520,GP,M,15,R,GT3,T,4,3,teacher,at_home
Wendy,F202400429,531119609,GP,M,15,U,LE3,T,3,3,other,other
Eden,F202400430,593351221,GP,M,16,U,GT3,T,3,2,other,other
Malcolm,F202400431,681588066,GP,F,15,U,GT3,T,2,3,other,other
Harry,F202400432,864556076,GP,M,15,U,LE3,T,4,3,teacher,services
Drake,F202400433,245885044,GP,M,16,R,GT3,A,4,4,other,teacher
Thomas,F202400434,586086644,GP,F,15,R,GT3,T,3,4,services,health
Connie,F202400435,810040557,GP,F,15,R,GT3,T,2,2,at_home,other
Brooke,F202400436,371913203,GP,F,16,U,LE3,T,2,2,other,other
Christina,F202400437,976728335,GP,M,15,U,LE3,T,4,4,teacher,other
Vincent,F202400438,812763072,GP,M,15,U,GT3,T,4,4,services,teacher
Emmett,F202400439,571636951,GP,M,15,U,GT3,T,2,2,services,services
Irene,F202400440,922676989,GP,F,16,U,LE3,T,2,2,other,at_home
Julian,F202400441,410873133,GP,F,15,U,LE3,A,4,3,other,other
Kim,F202400442,897924649,GP,F,16,U,LE3,A,3,3,other,services
Knox,F202400443,149436124,GP,M,16,U,GT3,T,4,3,health,services
Monica,F202400444,494825420,GP,M,15,U,GT3,T,4,2,teacher,other
Michelle,F202400445,670818786,GP,F,15,U,GT3,T,4,4,services,teacher
Isaac,F202400446,458738985,GP,F,16,U,LE3,T,2,2,services,services
Ruth,F202400447,612421453,GP,F,15,U,LE3,T,4,2,health,other
Karen,F202400448,926867515,GP,M,15,U,LE3,A,4,2,health,health
Lynn,F202400449,590386546,GP,F,15,U,GT3,T,4,4,services,services
Ronald,F202400450,896835358,GP,F,15,U,LE3,A,3,3,other,other
Roy,F202400451,672966921,GP,F,16,U,GT3,A,2,1,other,other
Veronica,F202400452,396378718,GP,F,15,U,GT3,A,4,3,services,services
Paula,F202400453,605510825,GP,M,15,U,GT3,T,4,4,teacher,health
Janice,F202400454,808710362,GP,M,15,U,LE3,T,1,2,other,at_home
Autumn,F202400455,999950672,GP,F,16,U,GT3,T,4,2,services,other
Corey,F202400456,871735081,GP,F,16,R,GT3,T,4,4,health,teacher
Steven,F202400457,247157422,GP,F,16,U,GT3,T,1,1,services,services
Lucas,F202400458,726041151,GP,F,16,U,LE3,T,1,2,other,services
Martha,F202400459,178466679,GP,F,16,U,GT3,T,4,3,teacher,health
Emily,F202400460,965924982,GP,F,15,U,LE3,T,4,3,services,services
Cole,F202400461,925027691,GP,F,16,U,LE3,T,4,3,teacher,services
Norman,F202400462,670995387,GP,M,15,U,GT3,A,4,4,other,services
Gabriel,F202400463,364393271,GP,F,16,U,GT3,T,3,1,services,other
Clayton,F202400464,988469342,GP,F,15,R,LE3,T,2,2,health,services
Teresa,F202400465,877607824,GP,F,15,R,LE3,T,3,1,other,other
Russell,F202400466,317007293,GP,M,16,U,GT3,T,3,1,other,other
Sydney,F202400467,724177430,GP,M,15,U,GT3,T,4,2,other,other
Harper,F202400468,938791131,GP,F,15,R,GT3,T,1,1,other,other
Cynthia,F202400469,547608488,GP,M,16,U,GT3,T,3,1,other,other
Isabella,F202400470,337937296,GP,F,16,U,GT3,T,3,3,other,services
Carl,F202400471,985925580,GP,M,15,U,GT3,T,4,3,teacher,other
Faith,F202400472,248256453,GP,M,15,U,GT3,T,4,0,teacher,other
Frances,F202400473,575555951,GP,F,16,U,GT3,T,2,2,other,other
Ellen,F202400474,976158939,GP,M,17,U,GT3,T,2,1,other,other
Lori,F202400475,233915991,GP,F,16,U,GT3,T,3,4,at_home,other
Louis,F202400476,245616379,GP,M,15,U,GT3,T,2,3,other,services
Joyce,F202400477,747109926,GP,M,15,U,GT3,T,2,3,other,other
Aaron,F202400478,184770696,GP,F,15,U,LE3,T,3,2,services,other
Nash,F202400479,335209989,GP,M,15,U,LE3,T,2,2,services,services
Jane,F202400480,301306300,GP,F,15,U,GT3,T,1,1,other,other
Karen,F202400481,783101321,GP,F,15,U,GT3,T,4,4,services,services
Mason,F202400482,300997810,GP,F,16,U,LE3,T,2,2,at_home,other
Samantha,F202400483,695063160,GP,F,15,U,GT3,T,4,2,other,other
Todd,F202400484,891897333,GP,M,16,U,GT3,T,2,2,services,other
Dale,F202400485,233978880,GP,M,16,U,LE3,A,4,4,teacher,health
Owen,F202400486,576697748,GP,F,16,U,GT3,T,3,3,other,other
Gregory,F202400487,951696111,GP,F,15,U,GT3,T,4,3,services,other
Catherine,F202400488,664428030,GP,F,16,U,LE3,T,3,1,other,other
Joseph,F202400489,155825443,GP,F,16,U,GT3,T,4,2,teacher,services
Brenda,F202400490,352414181,GP,M,15,U,LE3,T,2,2,services,health
Lucas,F202400491,333794103,GP,F,15,R,GT3,T,1,1,at_home,other
Gabriel,F202400492,392708901,GP,M,16,R,GT3,T,4,3,services,other
Veronica,F202400493,686528061,GP,F,16,U,GT3,T,2,1,other,other
Mike,F202400494,867980331,GP,F,16,U,GT3,T,4,4,other,other
Jimmy,F202400495,991126820,GP,F,16,U,GT3,T,4,3,other,at_home
Maddox,F202400496,571680487,GP,M,16,U,GT3,T,4,4,services,services
Ellen,F202400497,833472675,GP,M,16,U,GT3,T,4,4,services,teacher
Esther,F202400498,859074518,GP,M,15,U,GT3,T,4,4,services,other
Cody,F202400499,377645870,GP,F,15,U,GT3,T,3,2,services,other
Lois,F202400500,895915457,GP,M,15,U,GT3,A,3,4,services,other
Nathan,F202400501,761296506,GP,F,15,U,GT3,A,3,3,other,health
Karen,F202400502,268749205,GP,F,15,U,GT3,T,2,2,other,other
Kyle,F202400503,563089165,GP,M,16,U,GT3,T,3,3,services,other
Lynn,F202400504,608927572,GP,M,15,R,GT3,T,4,4,other,other
Carter,F202400505,194465954,GP,F,16,U,LE3,T,4,4,health,health
August,F202400506,247508658,GP,M,15,U,LE3,A,4,4,teacher,teacher
Cameron,F202400507,315358567,GP,F,16,R,GT3,T,3,3,services,other
Felix,F202400508,553816920,GP,F,16,U,GT3,T,2,2,at_home,other
Deborah,F202400509,184922879,GP,M,15,U,LE3,T,4,2,teacher,other
Ruby,F202400510,657911080,GP,M,15,R,GT3,T,2,1,health,services
Douglas,F202400511,456615872,GP,M,16,U,GT3,T,4,4,teacher,teacher
Ruth,F202400512,165675090,GP,M,15,U,GT3,T,4,4,other,teacher
Quinn,F202400513,574001996,GP,M,16,U,GT3,T,3,3,other,services
Marie,F202400514,830498703,GP,M,17,R,GT3,T,1,3,other,other
Jasper,F202400515,476480994,GP,M,15,U,GT3,T,3,4,other,other
Helen,F202400516,821972029,GP,F,15,U,GT3,T,1,2,at_home,services
Tanya,F202400517,176628700,GP,M,15,U,GT3,T,2,2,services,services
Lynn,F202400518,397077849,GP,F,16,U,LE3,T,2,4,other,health
Heather,F202400519,779773146,GP,M,16,U,GT3,T,4,4,health,other
Megan,F202400520,591321393,GP,F,16,U,GT3,T,2,2,other,other
Emily,F202400521,982603105,GP,M,15,U,GT3,T,3,4,services,services
Kelly,F202400522,487005890,GP,F,15,U,LE3,A,3,4,other,other
Blair,F202400523,993975912,GP,F,19,U,GT3,T,0,1,at_home,other
Paul,F202400524,126833149,GP,M,16,R,GT3,T,4,4,teacher,teacher
Abigail,F202400525,599544721,GP,M,16,U,GT3,T,2,3,other,other
Leo,F202400526,418658028,GP,F,15,R,GT3,T,3,4,services,teacher
Gary,F202400527,140442228,GP,F,18,U,GT3,T,2,1,services,other
Aria,F202400528,297715882,GP,F,17,U,LE3,A,2,1,other,other
Blair,F202400529,800988636,GP,F,15,U,GT3,T,1,1,at_home,other
Susan,F202400530,400350179,GP,F,17,U,LE3,T,2,2,other,other
Luke,F202400531,951665224,GP,F,16,U,GT3,A,3,4,services,other
Jessica,F202400532,728020332,GP,M,16,U,GT3,T,2,1,at_home,other
Carter,F202400533,178534781,GP,F,16,U,GT3,A,2,2,other,other
Elizabeth,F202400534,730679147,GP,M,15,R,GT3,T,3,4,at_home,teacher
Eva,F202400535,709491670,GP,F,15,U,GT3,T,4,4,services,at_home
Morgan,F202400536,711877474,GP,M,17,R,GT3,T,3,4,at_home,other
Lucy,F202400537,412334600,GP,F,16,R,GT3,T,1,1,at_home,other
Edwin,F202400538,602754355,GP,M,18,U,LE3,T,3,1,services,services
Bradley,F202400539,992194343,GP,F,18,U,GT3,A,3,2,other,services
Samantha,F202400540,386001162,GP,F,16,R,GT3,T,1,1,other,services
Liam,F202400541,630535581,GP,F,16,U,GT3,A,3,3,other,other
Charles,F202400542,833512209,GP,M,16,U,LE3,T,1,1,services,other
Judith,F202400543,851614213,GP,F,15,U,GT3,T,4,4,teacher,teacher
Leo,F202400544,441273600,GP,F,15,R,GT3,T,1,1,other,other
Diana,F202400545,301723885,GP,M,15,U,GT3,T,4,3,teacher,services
Dennis,F202400546,716560204,GP,F,15,U,GT3,A,3,3,services,services
Joseph,F202400547,964611501,GP,M,16,U,GT3,T,4,4,services,services
Ava,F202400548,548087111,GP,M,16,U,LE3,T,2,2,services,services
Phillip,F202400549,757625803,GP,F,15,U,GT3,T,4,4,teacher,services
Ralph,F202400550,683585849,GP,F,16,U,LE3,T,1,1,at_home,at_home
Tyler,F202400551,275133730,GP,M,17,U,GT3,T,2,1,other,other
Keith,F202400552,172426451,GP,F,15,U,GT3,T,1,1,other,services
Keith,F202400553,806897932,GP,F,15,U,LE3,A,2,1,at_home,other
Bruce,F202400554,951503450,GP,F,15,U,GT3,T,3,2,health,services
Jimmy,F202400555,130973090,GP,F,15,U,GT3,T,1,2,at_home,other
Claude,F202400556,736359977,GP,F,15,U,GT3,T,1,2,at_home,services
Destiny,F202400557,176276494,GP,M,16,U,GT3,T,4,4,teacher,teacher
Alexander,F202400558,267249227,GP,M,15,U,LE3,A,2,1,services,other
Mark,F202400559,234307443,GP,M,18,U,LE3,T,1,1,other,other
Justin,F202400560,474389660,GP,M,16,U,LE3,T,2,1,at_home,other
Stuart,F202400561,630306558,GP,F,15,R,GT3,T,3,3,services,services
Arthur,F202400562,355197510,GP,M,19,U,GT3,T,3,2,services,at_home
Wayne,F202400563,710179650,GP,F,17,U,GT3,T,4,4,other,teacher
Bradley,F202400564,182582928,GP,M,15,R,GT3,T,2,3,at_home,services
Alice,F202400565,654862703,GP,M,17,R,LE3,T,1,2,other,other
Casey,F202400566,498740890,GP,F,18,R,GT3,T,1,1,at_home,other
Jacob,F202400567,220323863,GP,M,16,R,GT3,T,2,2,at_home,other
Marilyn,F202400568,390011172,GP,M,16,U,GT3,T,3,3,other,services
Clayton,F202400569,654900927,GP,M,16,U,LE3,T,1,2,health,services
Randy,F202400570,103525933,GP,M,17,R,LE3,T,2,1,at_home,other
Frances,F202400571,768040237,GP,M,17,R,GT3,T,3,2,other,other
Bruce,F202400572,907077868,GP,M,15,U,LE3,T,1,2,other,other
Charlotte,F202400573,545238708,GP,M,16,U,GT3,T,1,3,at_home,services
August,F202400574,875825629,GP,M,17,R,LE3,T,1,1,other,services
Gemma,F202400575,438991014,GP,M,17,U,GT3,T,3,2,services,services
Sage,F202400576,923523649,GP,M,16,U,GT3,T,2,2,other,other
Leo,F202400577,687932621,GP,F,16,U,GT3,T,4,2,health,services
Carol,F202400578,587014092,GP,F,16,U,GT3,T,2,2,other,other
Vanessa,F202400579,525758834,GP,F,16,U,GT3,T,4,4,health,health
Veronica,F202400580,527096203,GP,M,16,U,GT3,T,3,4,other,other
Mary,F202400581,859902730,GP,M,16,U,GT3,T,1,0,other,other
Tony,F202400582,996679582,GP,M,17,U,LE3,T,4,4,teacher,other
Katherine,F202400583,832740886,GP,F,16,U,GT3,T,1,3,at_home,services
Cheryl,F202400584,252890182,GP,F,16,U,LE3,T,3,3,other,other
Eva,F202400585,905448301,GP,M,17,U,LE3,T,4,3,teacher,other
Peggy,F202400586,778374359,GP,F,16,U,GT3,T,2,2,services,other
Jasper,F202400587,118568896,GP,M,17,U,GT3,T,3,3,other,other
Roger,F202400588,533029022,GP,M,16,R,GT3,T,4,2,teacher,services
Kevin,F202400589,264540007,GP,M,17,U,GT3,T,4,3,other,other
Jasper,F202400590,915714639,GP,M,16,U,GT3,T,4,3,teacher,other
Blake,F202400591,645541523,GP,M,16,U,GT3,T,3,3,services,other
Austin,F202400592,421092120,GP,F,17,U,GT3,T,2,4,services,services
Diane,F202400593,336802484,GP,F,17,U,LE3,T,3,3,other,other
Nina,F202400594,697794673,GP,F,16,U,GT3,T,3,2,other,other
Arthur,F202400595,296969569,GP,M,17,U,GT3,T,3,3,services,services
Liam,F202400596,947737855,GP,M,16,U,GT3,T,1,2,services,services
Joe,F202400597,886480573,GP,M,16,U,LE3,T,2,1,other,other
Raymond,F202400598,804163397,GP,F,17,U,GT3,A,3,3,health,other
Crystal,F202400599,929851459,GP,M,17,R,GT3,T,1,2,at_home,other
Iris,F202400600,431782217,GP,F,16,U,GT3,T,2,3,services,services
Cynthia,F202400601,639068712,GP,F,17,U,GT3,T,1,1,at_home,services
Dennis,F202400602,259368168,GP,M,17,U,GT3,T,1,2,at_home,services
Thomas,F202400603,550302645,GP,M,16,R,GT3,T,3,3,services,services
Mitchell,F202400604,376822628,GP,M,16,U,GT3,T,2,3,other,other
Lawrence,F202400605,493586159,GP,F,17,U,LE3,T,2,4,services,services
Jim,F202400606,727223419,GP,M,17,U,GT3,T,4,4,services,teacher
Cassandra,F202400607,826670071,GP,M,16,R,LE3,T,3,3,teacher,other
Jane,F202400608,510030346,GP,F,17,U,GT3,T,4,4,services,teacher
Clara,F202400609,923558187,GP,F,16,U,LE3,T,4,4,teacher,teacher
Molly,F202400610,512752014,GP,F,16,U,GT3,T,4,3,health,other
Rebecca,F202400611,484610813,GP,F,16,U,GT3,T,2,3,other,other
Susan,F202400612,935868125,GP,F,17,U,GT3,T,1,1,other,other
Howard,F202400613,574586157,GP,F,17,R,GT3,T,2,2,other,other
Knox,F202400614,431557021,GP,F,16,R,GT3,T,2,2,services,services
Adelaide,F202400615,863153610,GP,F,17,U,GT3,T,3,4,at_home,services
Alice,F202400616,242743632,GP,F,16,U,GT3,A,3,1,services,other
Paula,F202400617,725634193,GP,F,16,U,GT3,T,4,3,teacher,other
Howard,F202400618,466756605,GP,F,16,U,GT3,T,1,1,at_home,other
Elliott,F202400619,625328449,GP,F,17,R,GT3,T,4,3,teacher,other
Mary,F202400620,756976927,GP,F,19,U,GT3,T,3,3,other,other
Maria,F202400621,961706298,GP,M,17,U,LE3,T,4,4,services,other
Peggy,F202400622,534839243,GP,F,16,U,GT3,A,2,2,other,other
Rose,F202400623,986335819,GP,M,18,U,GT3,T,2,2,services,other
Gary,F202400624,654959133,GP,F,17,R,LE3,T,4,4,services,other
April,F202400625,613119800,GP,F,17,U,LE3,T,3,2,other,other
Samantha,F202400626,671174195,GP,F,17,U,GT3,T,4,3,other,other
Trevor,F202400627,341530196,GP,M,18,U,LE3,T,3,3,services,health
Rachel,F202400628,306849227,GP,F,17,U,GT3,T,2,3,at_home,other
Jessica,F202400629,941426856,GP,F,17,U,GT3,T,2,2,at_home,at_home
Christine,F202400630,583084431,GP,F,17,R,GT3,T,2,1,at_home,services
Christian,F202400631,512489506,GP,F,17,U,GT3,T,1,1,at_home,other
Leslie,F202400632,607866968,GP,F,16,U,GT3,T,2,3,services,teacher
Diana,F202400633,726323939,GP,M,18,U,GT3,T,2,2,other,other
Dennis,F202400634,846402232,GP,F,16,U,GT3,T,4,4,teacher,services
Nicholas,F202400635,921584709,GP,F,18,R,GT3,T,3,1,other,other
Tracy,F202400636,562093775,GP,F,17,U,GT3,T,3,2,other,other
Tracy,F202400637,430737476,GP,M,17,U,LE3,T,2,3,services,services
Randy,F202400638,286819786,GP,M,18,U,LE3,T,2,1,at_home,other
Victor,F202400639,930068004,GP,F,17,U,GT3,A,2,1,other,other
Samantha,F202400640,155937015,GP,F,17,U,LE3,T,4,3,health,other
Henry,F202400641,585212349,GP,M,17,R,GT3,T,2,2,other,other
Maria,F202400642,982958082,GP,M,17,U,GT3,T,4,4,teacher,teacher
Mark,F202400643,243311715,GP,M,16,U,GT3,T,4,4,health,other
Joyce,F202400644,102053432,GP,M,16,U,LE3,T,1,1,other,other
Christian,F202400645,278577174,GP,M,16,U,GT3,T,3,2,at_home,other
Colton,F202400646,872664137,GP,M,17,U,LE3,T,2,2,other,other
Pamela,F202400647,343059878,GP,F,16,U,GT3,T,2,1,other,other
Damian,F202400648,234895604,GP,F,16,U,GT3,A,4,1,other,other
Courtney,F202400649,883604436,GP,F,18,U,LE3,A,2,4,services,other
Teresa,F202400650,410190499,GP,F,18,U,LE3,T,2,2,at_home,services
Noah,F202400651,787936084,GP,F,18,U,GT3,T,3,3,other,other
Philip,F202400652,287353318,GP,M,18,U,GT3,T,2,2,other,at_home
Austin,F202400653,514891346,GP,M,17,U,GT3,T,4,4,teacher,teacher
Claude,F202400654,823554628,GP,F,17,U,GT3,T,3,2,other,other
Gerald,F202400655,131066537,GP,F,17,U,LE3,T,1,1,at_home,at_home
Phoenix,F202400656,665105408,GP,F,16,U,GT3,T,1,2,other,other
Jamie,F202400657,898140524,GP,F,17,R,GT3,T,2,1,at_home,services
Jennifer,F202400658,387864313,GP,F,17,R,LE3,A,1,4,other,other
Bradley,F202400659,247197855,GP,M,18,U,GT3,T,2,2,other,services
Veronica,F202400660,757309573,GP,F,17,U,LE3,A,2,2,other,other
Marilyn,F202400661,964890933,GP,F,17,R,LE3,T,1,1,at_home,other
Phillip,F202400662,892777594,GP,F,17,U,LE3,A,4,2,teacher,other
Rachel,F202400663,223820745,GP,M,17,U,LE3,T,4,3,health,other
Lee,F202400664,591612197,GP,M,17,R,LE3,A,4,4,teacher,other
Joan,F202400665,518896189,GP,M,16,U,LE3,T,4,3,teacher,other
Louis,F202400666,208689935,GP,M,16,U,GT3,T,4,4,services,services
Hannah,F202400667,933940899,GP,F,17,U,GT3,T,4,4,teacher,services
Johnny,F202400668,336535871,GP,M,17,R,GT3,T,1,1,other,other
Cheryl,F202400669,397137196,GP,F,17,U,GT3,T,3,3,services,other
Mary,F202400670,438475277,GP,F,17,U,GT3,T,1,1,at_home,other
Magnus,F202400671,873060039,GP,F,18,U,GT3,T,2,1,other,other
Gabriel,F202400672,310730050,GP,M,16,U,GT3,T,2,1,other,other
Michelle,F202400673,447598316,GP,F,17,U,GT3,T,1,1,other,services
Cynthia,F202400674,823200148,GP,M,17,U,GT3,T,2,3,other,other
Caroline,F202400675,448185091,GP,M,22,U,GT3,T,3,1,services,services
Elliott,F202400676,732621691,GP,M,18,R,LE3,T,3,3,other,services
Dexter,F202400677,698980705,GP,M,16,U,GT3,T,0,2,other,other
Jeremy,F202400678,212968110,GP,M,18,U,GT3,T,3,2,services,other
Willie,F202400679,502711252,GP,M,16,U,GT3,T,3,3,at_home,other
Aurora,F202400680,853026338,GP,M,18,U,GT3,T,2,1,services,services
Leonard,F202400681,796239101,GP,M,16,R,GT3,T,2,1,other,other
Charlotte,F202400682,378202337,GP,M,17,R,GT3,T,2,1,other,other
Scott,F202400683,578188210,GP,M,17,U,LE3,T,1,1,health,other
Eliza,F202400684,599874068,GP,F,18,U,LE3,A,2,1,other,other
Irene,F202400685,927856478,GP,F,17,U,LE3,T,4,2,teacher,services
Gloria,F202400686,241328598,GP,F,19,U,GT3,T,2,2,services,services
Elliott,F202400687,685702427,GP,M,18,U,LE3,T,2,1,services,other
Jim,F202400688,370569158,GP,F,17,R,GT3,T,4,2,other,other
Louis,F202400689,780870807,GP,F,18,U,LE3,T,1,1,other,at_home
Iris,F202400690,880666891,GP,F,18,R,GT3,T,2,2,other,other
Alex,F202400691,684849113,GP,M,19,U,LE3,A,4,3,services,at_home
Crystal,F202400692,804194050,GP,M,18,U,GT3,T,2,1,other,other
Martin,F202400693,552976865,GP,M,17,R,GT3,T,2,2,other,services
Avery,F202400694,410025822,GP,F,17,U,LE3,T,2,2,services,services
Peggy,F202400695,276579586,GP,F,20,R,GT3,T,2,1,other,other
Cody,F202400696,890041691,GP,F,18,U,GT3,T,4,3,services,other
Christine,F202400697,237968279,GP,M,18,U,GT3,T,4,3,teacher,other
Steve,F202400698,791517267,GP,M,18,R,GT3,T,3,2,other,other
Miranda,F202400699,519415666,GP,F,17,U,GT3,T,3,3,other,other
Eliza,F202400700,218245943,GP,F,18,U,GT3,T,2,2,at_home,services
Jean,F202400701,649324275,GP,M,17,U,GT3,T,2,2,other,other
Maria,F202400702,785617952,GP,M,18,R,LE3,A,3,4,other,other
David,F202400703,513025796,GP,M,17,U,GT3,T,3,1,services,other
Charlotte,F202400704,336160526,GP,F,18,R,GT3,T,4,4,teacher,other
Martha,F202400705,431057737,GP,M,18,U,GT3,T,4,2,health,other
Howard,F202400706,617100583,GP,F,18,R,GT3,T,2,1,other,other
Tracy,F202400707,544082531,GP,F,19,U,GT3,T,3,3,other,services
Jeremy,F202400708,348524563,GP,F,18,U,GT3,T,2,3,other,services
Ian,F202400709,798156048,GP,F,18,U,LE3,T,1,1,other,other
Gloria,F202400710,669783457,GP,M,17,R,GT3,T,1,2,at_home,at_home
Zoe,F202400711,825272892,GP,F,18,U,GT3,T,2,1,other,other
Jasper,F202400712,410112165,GP,F,17,U,GT3,T,2,4,at_home,health
Harold,F202400713,686111698,GP,F,17,U,LE3,T,2,2,services,other
Joseph,F202400714,750048478,GP,F,18,R,GT3,A,3,2,other,services
Malcolm,F202400715,402747819,GP,M,18,U,GT3,T,4,4,teacher,services
Christine,F202400716,228118893,GP,F,18,U,GT3,T,4,4,health,health
Felix,F202400717,786572897,GP,F,17,U,GT3,T,2,2,other,services
Jessica,F202400718,628677530,GP,F,19,R,GT3,T,3,2,services,services
Michelle,F202400719,329110387,GP,M,18,U,LE3,T,4,3,teacher,services
Esther,F202400720,675860524,GP,M,18,U,GT3,T,1,2,at_home,other
Bethany,F202400721,503275274,GP,M,17,U,LE3,A,4,1,services,other
Clayton,F202400722,457398523,GP,M,17,U,LE3,A,3,2,teacher,services
Avery,F202400723,923060783,GP,F,18,R,LE3,T,1,1,at_home,other
Melissa,F202400724,474449904,GP,F,18,U,GT3,T,1,1,other,other
Sylvia,F202400725,847584461,GP,F,17,U,GT3,T,2,2,other,other
Kathryn,F202400726,243730980,GP,F,18,U,GT3,T,2,1,other,other
Sheila,F202400727,478764580,GP,M,17,U,GT3,T,1,1,other,other
Virginia,F202400728,917372028,GP,F,18,U,GT3,T,2,2,at_home,at_home
Veronica,F202400729,489749368,GP,F,17,U,GT3,T,1,1,services,teacher
Vincent,F202400730,206977880,GP,M,18,U,GT3,T,2,1,services,services
Chelsea,F202400731,733718520,GP,M,18,U,LE3,A,4,4,teacher,teacher
Margaret,F202400732,103930094,GP,M,18,U,GT3,T,4,2,teacher,other
Chad,F202400733,394340732,GP,F,17,U,GT3,T,4,3,health,services
Christian,F202400734,927495725,GP,F,17,R,LE3,T,3,1,services,other
Erica,F202400735,437767628,GP,M,18,R,LE3,T,3,2,services,other
Connie,F202400736,809092211,GP,M,17,U,GT3,T,3,3,health,other
Bradley,F202400737,772737359,GP,F,19,U,GT3,T,4,4,health,other
Katie,F202400738,712132477,GP,F,18,U,LE3,T,4,3,other,other
Gloria,F202400739,194651614,GP,F,18,U,GT3,T,4,3,other,other
Faith,F202400740,534681070,GP,M,18,U,LE3,T,4,4,teacher,teacher
Eric,F202400741,383415290,GP,F,18,U,LE3,A,4,4,health,other
June,F202400742,631927503,GP,M,17,U,LE3,T,4,4,other,teacher
Leslie,F202400743,786054758,GP,F,17,R,GT3,T,4,4,services,services
Joyce,F202400744,286869937,GP,F,17,U,GT3,T,4,2,other,other
Luna,F202400745,418212604,GP,F,17,U,GT3,T,3,2,health,health
Nathan,F202400746,723988386,GP,M,19,R,LE3,T,2,1,at_home,services
Louis,F202400747,646831401,GP,M,20,U,GT3,A,3,2,services,other
Felix,F202400748,727938426,GP,M,19,R,GT3,T,3,3,other,services
Jason,F202400749,891271135,GP,F,18,U,GT3,T,1,4,other,teacher
Gemma,F202400750,474057712,GP,F,18,U,GT3,T,2,1,services,other
Peter,F202400751,248973352,GP,F,17,U,GT3,T,2,3,other,other
Shirley,F202400752,768306541,GP,F,17,R,GT3,T,4,4,teacher,teacher
Gloria,F202400753,438905865,GP,F,18,U,GT3,T,4,3,other,other
Brooke,F202400754,427484417,GP,F,18,U,LE3,T,4,3,health,services
Kim,F202400755,281599318,GP,F,17,R,GT3,T,3,4,at_home,services
Robert,F202400756,548749206,GP,F,18,U,GT3,T,3,3,at_home,other
Byron,F202400757,278578932,GP,M,19,U,GT3,T,4,2,health,other
Alyssa,F202400758,596280497,GP,F,18,U,GT3,T,4,4,teacher,other
Warren,F202400759,879424736,GP,F,18,U,GT3,T,3,4,other,other
Brandon,F202400760,700729860,GP,F,17,U,GT3,T,4,4,health,health
Jean,F202400761,282883533,GP,F,17,U,GT3,A,4,3,services,services
Faith,F202400762,993221900,GP,F,17,U,LE3,A,3,3,services,other
Robert,F202400763,848014476,GP,F,17,U,LE3,T,2,1,other,other
Erik,F202400764,400419283,GP,M,18,U,LE3,T,4,4,other,other
Julie,F202400765,710078600,GP,F,19,U,GT3,T,1,1,other,other
Tracy,F202400766,318939055,GP,F,19,U,LE3,A,1,1,other,other
Lynn,F202400767,361837527,GP,F,18,U,GT3,T,2,2,other,other
Nash,F202400768,669535938,GP,F,17,U,GT3,T,2,2,other,other
Tony,F202400769,724685740,GP,F,17,R,LE3,T,2,2,services,services
Justin,F202400770,106869663,GP,F,17,U,GT3,T,3,1,services,services
Eden,F202400771,935937013,GP,F,17,U,LE3,T,0,2,at_home,at_home
Linda,F202400772,613844283,GP,F,18,U,GT3,T,1,1,other,other
Martha,F202400773,180833023,GP,M,18,U,GT3,T,4,4,other,other
Casey,F202400774,640924295,GP,M,17,U,GT3,T,3,3,other,services
Judith,F202400775,186273736,GP,M,17,R,GT3,T,2,2,services,other
Harper,F202400776,489669246,GP,F,17,U,GT3,T,4,4,teacher,services
Angela,F202400777,790655156,GP,F,17,U,GT3,T,4,4,teacher,teacher
Caleb,F202400778,999667243,GP,F,17,U,GT3,T,3,3,at_home,other
Andrew,F202400779,909982354,GP,M,18,U,LE3,T,2,2,other,other
Julie,F202400780,475584729,GP,M,19,R,GT3,T,3,2,at_home,services
Joan,F202400781,371887658,GP,F,18,U,GT3,T,2,2,at_home,other
Katherine,F202400782,448743101,GP,F,17,R,GT3,T,2,4,at_home,other
Fletcher,F202400783,887215256,GP,M,18,U,GT3,T,2,2,other,other
Leah,F202400784,918593398,GP,F,18,U,GT3,T,3,3,services,services
Melanie,F202400785,484925913,GP,F,18,U,LE3,T,2,2,other,other
Chase,F202400786,186565523,GP,F,18,R,GT3,T,2,2,at_home,other
Howard,F202400787,668564357,GP,F,17,U,GT3,T,3,4,services,other
Frank,F202400788,955733354,GP,F,17,U,GT3,T,3,2,other,other
Thea,F202400789,204418741,GP,F,18,U,LE3,T,3,3,services,services
Gabriel,F202400790,589057064,GP,F,17,R,GT3,A,3,2,other,other
Ryan,F202400791,982278672,GP,M,18,U,GT3,T,4,4,teacher,services
Megan,F202400792,201397938,GP,M,18,U,LE3,T,3,4,services,other
Evelyn,F202400793,556851058,GP,F,17,U,GT3,A,2,2,at_home,at_home
Patrick,F202400794,216697745,GP,F,18,U,GT3,T,2,3,at_home,other
Andrea,F202400795,981796078,GP,F,18,U,GT3,T,3,2,other,services
Valerie,F202400796,931356214,GP,M,18,R,GT3,T,4,3,teacher,services
Frank,F202400797,755371781,GP,M,18,U,GT3,T,4,3,teacher,other
David,F202400798,326067507,GP,F,17,U,GT3,T,4,3,health,other
Sylvia,F202400799,296610347,GP,F,17,U,GT3,T,2,1,services,other
Patricia,F202400800,448618196,GP,F,17,U,GT3,T,2,1,services,other
Walter,F202400801,413614687,GP,F,19,U,LE3,A,2,3,at_home,other
Ryan,F202400802,494706094,GP,F,17,U,GT3,T,3,1,other,at_home
Oliver,F202400803,493012686,GP,F,21,U,LE3,T,4,4,other,other
Trevor,F202400804,867993185,GP,M,18,U,LE3,T,2,2,services,services
Jackson,F202400805,132232301,GP,M,18,U,LE3,A,3,4,other,other
Sandra,F202400806,438129697,GP,F,17,U,GT3,T,2,2,services,services
Christina,F202400807,166424578,GP,M,17,U,LE3,A,4,4,health,other
Liam,F202400808,334663015,GP,F,18,U,LE3,T,4,2,teacher,other
Connor,F202400809,101083946,GP,M,21,R,LE3,T,1,1,at_home,other
Leonard,F202400810,868463767,GP,F,20,R,GT3,T,1,1,other,other
Kimberly,F202400811,211087393,GP,F,19,U,GT3,T,4,4,teacher,other
Bryan,F202400812,539571714,GP,M,17,U,LE3,A,3,2,other,other
Felix,F202400813,402348703,GP,F,18,U,GT3,T,3,2,at_home,other
Maddox,F202400814,476167626,GP,M,18,R,GT3,T,2,3,other,services
Mark,F202400815,828728780,GP,M,19,U,GT3,T,2,1,other,other
Dennis,F202400816,506080436,GP,F,18,U,LE3,A,2,2,services,other
Albert,F202400817,615698352,GP,F,20,U,GT3,T,1,0,other,other
Claude,F202400818,427012191,GP,F,18,U,GT3,T,3,2,services,other
Malcolm,F202400819,291367829,MS,F,16,U,GT3,T,1,3,at_home,other
Malcolm,F202400820,514197488,MS,F,16,R,GT3,T,2,2,other,other
Alex,F202400821,554072036,MS,F,15,R,GT3,T,1,1,at_home,services
Jade,F202400822,913927674,MS,F,15,R,GT3,T,3,3,at_home,other
Cameron,F202400823,801609428,MS,F,16,R,GT3,T,2,3,at_home,services
Daphne,F202400824,206723990,MS,F,15,R,LE3,T,2,1,at_home,other
Nicole,F202400825,214536931,MS,M,16,R,LE3,A,4,4,at_home,other
Vanessa,F202400826,796946856,MS,M,16,U,GT3,A,1,2,other,other
Sam,F202400827,565705407,MS,F,17,R,GT3,T,3,2,at_home,other
Derek,F202400828,247862435,MS,F,17,R,GT3,T,1,1,other,other
Brian,F202400829,402337876,MS,F,15,R,GT3,T,4,4,teacher,other
Bethany,F202400830,937616774,MS,F,16,U,LE3,A,2,2,at_home,other
Justin,F202400831,748571095,MS,F,15,R,LE3,T,1,1,at_home,services
Edward,F202400832,236986353,MS,F,15,R,LE3,T,1,1,other,services
Jennifer,F202400833,864355738,MS,F,16,R,GT3,T,0,2,other,other
Jade,F202400834,139894877,MS,F,17,R,GT3,T,2,3,other,other
Ryan,F202400835,179854297,MS,F,15,R,GT3,T,3,3,other,services
June,F202400836,710800493,MS,M,16,U,GT3,T,1,1,at_home,services
Jill,F202400837,906780284,MS,M,17,U,GT3,T,1,1,other,other
Ryan,F202400838,660128861,MS,M,15,R,LE3,T,4,1,health,services
James,F202400839,194459735,MS,M,15,R,LE3,T,4,1,health,services
Martin,F202400840,683072709,MS,M,16,R,GT3,T,3,4,other,health
Christine,F202400841,426476179,MS,M,15,R,GT3,T,1,1,other,other
Fred,F202400842,784020722,MS,M,15,U,LE3,T,3,3,at_home,at_home
Barbara,F202400843,580828743,MS,M,17,R,GT3,T,2,1,other,other
Logan,F202400844,853285707,MS,F,16,R,GT3,T,4,4,teacher,teacher
Adrian,F202400845,557463274,MS,F,15,R,GT3,T,1,2,other,services
Tyler,F202400846,285628996,MS,F,16,R,GT3,T,2,3,other,services
Irene,F202400847,950759430,MS,M,16,R,GT3,T,1,2,other,other
Rachel,F202400848,142293960,MS,F,16,R,GT3,T,2,2,other,other
Jasper,F202400849,256015612,MS,F,16,U,GT3,T,1,2,other,services
Alexander,F202400850,997797957,MS,F,16,U,GT3,T,1,2,other,services
Eugene,F202400851,457477757,MS,F,15,U,GT3,T,2,1,at_home,other
Paula,F202400852,219177427,MS,F,16,U,GT3,T,1,1,at_home,other
Veronica,F202400853,412289099,MS,M,17,R,LE3,T,1,2,at_home,services
Franklin,F202400854,549716910,MS,F,16,R,GT3,T,1,1,other,other
Earl,F202400855,251912590,MS,F,16,R,GT3,T,1,1,at_home,other
Laura,F202400856,966863085,MS,F,15,R,GT3,T,1,1,at_home,other
Susan,F202400857,738306243,MS,F,16,R,GT3,T,1,1,at_home,other
Wanda,F202400858,425715698,MS,F,15,R,GT3,T,1,1,at_home,at_home
Jeffrey,F202400859,356264362,MS,F,15,R,LE3,T,2,2,other,other
Olivia,F202400860,271711016,MS,M,16,R,GT3,T,1,1,at_home,other
Brooke,F202400861,307904332,MS,F,18,U,GT3,T,1,2,other,other
Victor,F202400862,484745595,MS,M,15,U,GT3,T,3,1,other,services
Tammy,F202400863,813766080,MS,F,16,R,GT3,T,2,2,other,services
Tyler,F202400864,957908446,MS,M,15,U,GT3,T,2,2,health,other
Owen,F202400865,638558209,MS,M,16,U,GT3,T,4,4,other,teacher
Hugo,F202400866,310680603,MS,F,15,R,GT3,T,3,3,services,other
Abigail,F202400867,209403794,MS,F,16,R,GT3,T,2,2,at_home,other
Erin,F202400868,630509619,MS,F,16,R,LE3,T,2,2,other,other
Noah,F202400869,766097805,MS,M,16,U,LE3,T,2,1,at_home,services
Blake,F202400870,658319287,MS,M,15,R,LE3,T,1,3,at_home,other
Susan,F202400871,229483244,MS,F,15,U,GT3,T,2,2,other,services
Caroline,F202400872,666425876,MS,F,16,R,LE3,T,2,1,other,other
Christina,F202400873,332228347,MS,M,15,U,GT3,T,3,3,services,services
Jessica,F202400874,790352693,MS,F,16,R,GT3,T,1,1,at_home,other
Johnny,F202400875,291283175,MS,F,17,U,GT3,T,2,2,other,at_home
Harry,F202400876,646001569,MS,F,19,U,GT3,T,2,3,at_home,services
Andrew,F202400877,763666005,MS,F,17,R,GT3,T,2,1,at_home,other
Gavin,F202400878,543566179,MS,F,15,R,LE3,T,1,1,at_home,other
Malcolm,F202400879,239062358,MS,F,16,R,GT3,T,2,2,other,other
Amanda,F202400880,367960329,MS,F,16,U,LE3,A,2,2,other,other
Violet,F202400881,118594150,MS,F,17,R,GT3,T,2,2,at_home,other
Sophia,F202400882,427748496,MS,F,16,U,GT3,T,2,2,other,services
Steven,F202400883,827605361,MS,F,18,R,LE3,A,3,2,other,other
Maxwell,F202400884,673098154,MS,F,19,U,GT3,T,1,1,at_home,services
Molly,F202400885,273781443,MS,M,18,R,GT3,T,1,1,other,other
Paul,F202400886,318831532,MS,F,18,R,GT3,T,1,1,at_home,at_home
Trevor,F202400887,133509676,MS,F,19,U,GT3,T,1,1,other,other
Cora,F202400888,913567976,MS,F,16,R,GT3,A,2,2,health,other
William,F202400889,331344578,MS,F,17,U,GT3,T,0,1,other,at_home
Howard,F202400890,489736666,MS,F,16,R,LE3,T,1,2,at_home,other
Keith,F202400891,757010447,MS,F,16,U,GT3,T,3,3,other,other
Victor,F202400892,364077567,MS,F,16,R,LE3,T,1,1,services,services
Nathan,F202400893,256308238,MS,M,17,U,GT3,T,3,3,services,at_home
Deborah,F202400894,364097426,MS,F,16,U,GT3,T,2,1,other,services
Gloria,F202400895,840334493,MS,F,16,U,GT3,T,2,2,services,other
Julia,F202400896,159663143,MS,M,17,U,GT3,T,1,2,other,other
Scott,F202400897,771411166,MS,M,16,U,LE3,T,4,3,other,other
Hugo,F202400898,901096470,MS,M,17,R,LE3,T,2,2,services,services
David,F202400899,527335084,MS,F,16,U,GT3,T,1,1,other,other
Debra,F202400900,682248133,MS,F,19,U,LE3,T,2,2,other,other
Cassandra,F202400901,328482986,MS,F,17,R,GT3,T,1,1,at_home,other
Theodore,F202400902,117182529,MS,F,20,U,GT3,T,3,3,at_home,services
Jim,F202400903,844862465,MS,F,17,U,LE3,T,1,1,other,services
Magnus,F202400904,594030291,MS,M,17,R,GT3,T,2,2,other,other
Christine,F202400905,765596970,MS,F,16,R,LE3,T,1,1,at_home,other
Heather,F202400906,438394084,MS,F,17,R,GT3,T,2,2,other,other
Samantha,F202400907,361395990,MS,F,17,U,GT3,A,1,0,other,other
John,F202400908,372970175,MS,F,18,R,GT3,T,1,1,at_home,other
Samuel,F202400909,741988776,MS,F,16,U,GT3,T,3,1,other,other
Brandy,F202400910,561037400,MS,F,16,U,GT3,T,3,2,services,at_home
Paula,F202400911,572468593,MS,F,18,U,LE3,T,1,1,other,at_home
Robin,F202400912,544369917,MS,F,16,R,GT3,T,4,4,health,teacher
Joseph,F202400913,789166618,MS,F,16,R,LE3,T,1,2,other,other
Victor,F202400914,804046226,MS,F,18,U,GT3,A,2,4,other,services
Franklin,F202400915,811226149,MS,M,16,R,GT3,T,2,1,other,services
Bruce,F202400916,896043500,MS,F,16,U,LE3,T,1,1,at_home,other
Grant,F202400917,361561443,MS,F,16,R,GT3,T,2,3,at_home,services
Theodore,F202400918,158212266,MS,F,16,U,GT3,T,4,4,health,health
Rose,F202400919,331895695,MS,M,18,U,LE3,T,4,4,at_home,health
River,F202400920,952322160,MS,F,16,R,LE3,T,3,4,at_home,other
Samuel,F202400921,869342315,MS,M,17,U,LE3,T,4,4,other,services
Gavin,F202400922,372503550,MS,F,17,R,GT3,T,4,1,other,other
Victoria,F202400923,389146065,MS,M,16,U,LE3,T,2,2,services,services
Cole,F202400924,604104386,MS,F,17,R,GT3,T,2,2,at_home,other
Axel,F202400925,134350976,MS,F,16,U,LE3,T,4,4,services,services
Travis,F202400926,297965193,MS,M,17,U,GT3,T,3,3,services,services
Barbara,F202400927,596833872,MS,M,17,U,GT3,T,1,1,at_home,services
Irene,F202400928,607299937,MS,M,16,U,GT3,T,2,1,health,services
Danielle,F202400929,270996254,MS,F,16,U,LE3,T,2,1,other,services
Zoe,F202400930,425655801,MS,M,16,U,LE3,T,4,4,teacher,health
Roger,F202400931,144156188,MS,M,15,R,GT3,T,1,2,other,services
Isaac,F202400932,459306120,MS,M,15,U,LE3,A,2,2,other,other
Miranda,F202400933,192211416,MS,M,15,U,LE3,A,2,1,services,services
Emma,F202400934,977017004,MS,F,16,R,LE3,T,2,2,other,other
Phoenix,F202400935,795423588,MS,F,16,U,LE3,T,4,1,other,other
Hunter,F202400936,458207955,MS,F,17,U,GT3,T,3,2,at_home,other
Steven,F202400937,672420952,MS,F,17,R,GT3,T,2,2,other,other
Logan,F202400938,931855766,MS,F,16,U,GT3,T,4,4,teacher,services
Hannah,F202400939,556840048,MS,M,17,R,GT3,T,4,4,health,other
Aidan,F202400940,700175266,MS,M,17,R,LE3,T,1,3,other,other
Knox,F202400941,942154069,MS,M,17,U,GT3,T,3,4,services,other
Regina,F202400942,869572429,MS,F,17,U,GT3,T,4,4,health,health
Silas,F202400943,243066318,MS,M,16,R,LE3,T,4,1,other,at_home
Gloria,F202400944,131905967,MS,F,17,U,GT3,A,1,1,at_home,at_home
Parker,F202400945,191995649,MS,F,17,R,GT3,T,4,2,other,other
Lynn,F202400946,266361000,MS,M,16,U,LE3,A,2,2,other,services
Cameron,F202400947,662300774,MS,M,17,U,GT3,T,3,2,other,other
Nina,F202400948,359138909,MS,M,19,U,GT3,T,1,1,other,other
Hunter,F202400949,713400617,MS,M,17,U,LE3,A,1,0,other,other
Liam,F202400950,163926277,MS,F,17,R,GT3,T,1,1,at_home,at_home
Darren,F202400951,685404347,MS,F,16,R,GT3,T,1,2,other,other
Sharon,F202400952,299804284,MS,M,16,R,LE3,T,1,2,other,at_home
Liam,F202400953,445211261,MS,F,17,R,GT3,T,3,1,other,other
Brenda,F202400954,587747569,MS,M,17,R,GT3,T,2,2,other,other
Jay,F202400955,441103768,MS,M,18,R,GT3,T,1,0,at_home,at_home
Megan,F202400956,709907774,MS,M,17,R,GT3,T,1,1,other,services
Laura,F202400957,690213749,MS,M,18,U,LE3,T,1,1,at_home,at_home
Alex,F202400958,196295769,MS,F,16,R,LE3,T,2,2,other,services
Aaron,F202400959,161209143,MS,M,17,U,GT3,T,2,2,other,other
Miranda,F202400960,368811243,MS,M,16,R,GT3,T,3,2,services,other
Brooke,F202400961,781832234,MS,M,16,R,LE3,T,1,1,at_home,other
Jean,F202400962,931896237,MS,M,18,R,GT3,T,1,1,services,other
Sara,F202400963,504011286,MS,M,18,R,GT3,T,3,2,services,other
Brittany,F202400964,887055857,MS,M,19,U,GT3,T,3,2,at_home,services
Kimberly,F202400965,557674370,MS,M,18,U,GT3,T,3,3,at_home,at_home
Autumn,F202400966,289949442,MS,M,16,R,GT3,T,2,2,services,services
Thomas,F202400967,174143181,MS,M,19,U,GT3,T,2,1,at_home,other
Sophia,F202400968,170959290,MS,F,16,U,GT3,A,3,2,services,at_home
Katherine,F202400969,525194232,MS,F,17,U,GT3,T,1,1,other,at_home
Chad,F202400970,655527923,MS,M,20,R,GT3,T,1,1,other,other
Erin,F202400971,614454079,MS,F,18,R,GT3,A,4,3,services,services
Daphne,F202400972,356750343,MS,M,18,R,GT3,T,3,2,other,other
Jamie,F202400973,633738773,MS,M,19,R,GT3,T,1,1,other,services
Stuart,F202400974,474203752,MS,M,17,U,GT3,T,3,3,health,other
Hunter,F202400975,465442327,MS,M,18,U,LE3,T,1,3,at_home,services
Lucy,F202400976,932517454,MS,M,19,R,GT3,T,1,1,other,other
Bradley,F202400977,630426730,MS,F,18,U,GT3,A,1,2,at_home,other
Justin,F202400978,657670134,MS,F,19,U,LE3,A,1,1,at_home,other
Scott,F202400979,183691402,MS,F,18,R,GT3,T,2,2,other,other
Jacqueline,F202400980,689274397,MS,F,17,R,GT3,T,0,0,at_home,other
Donna,F202400981,982646805,MS,F,17,R,LE3,A,3,1,other,at_home
Lucy,F202400982,497915861,MS,F,17,U,GT3,T,4,2,teacher,services
Julie,F202400983,799998146,MS,F,18,R,LE3,T,2,2,services,services
Kathy,F202400984,320565723,MS,F,17,U,GT3,T,4,1,health,at_home
Steven,F202400985,142887844,MS,F,17,U,LE3,T,1,2,at_home,other
Emily,F202400986,416689752,MS,F,18,U,GT3,T,1,1,other,other
Claude,F202400987,973965478,MS,F,18,U,GT3,T,2,2,services,at_home
Jane,F202400988,595915890,MS,F,17,U,GT3,T,3,3,services,services
Michelle,F202400989,614820271,MS,F,18,U,LE3,A,1,2,at_home,other
Jessica,F202400990,662683334,MS,F,18,U,GT3,T,4,4,teacher,teacher
Amber,F202400991,280173709,MS,M,18,U,LE3,T,4,4,services,other
Robert,F202400992,211424125,MS,F,17,U,GT3,T,4,2,other,other
Jasper,F202400993,629308183,MS,F,18,R,GT3,T,2,2,at_home,other
Gregory,F202400994,436733203,MS,M,18,U,LE3,T,1,2,at_home,services
Leah,F202400995,774568994,MS,M,18,R,GT3,T,4,4,at_home,services
Gary,F202400996,557965254,MS,M,17,R,GT3,T,1,1,other,services
Christina,F202400997,506213167,MS,F,18,U,GT3,T,2,2,other,other
Katie,F202400998,477253469,MS,F,18,U,LE3,T,2,2,services,services
Aidan,F202400999,305948927,MS,F,18,R,LE3,A,4,2,teacher,other
Faith,F202401000,102723063,MS,F,18,U,GT3,T,1,1,at_home,services
Dean,F202401001,773733621,MS,F,19,U,GT3,T,1,1,at_home,services
Kenneth,F202401002,205053855,MS,F,17,U,GT3,T,4,2,teacher,other
Stuart,F202401003,449775941,MS,F,17,R,LE3,A,2,1,services,other
Janet,F202401004,364089530,MS,F,18,U,LE3,A,1,1,at_home,services
Claire,F202401005,230523198,MS,F,18,U,GT3,T,1,2,at_home,at_home
Christopher,F202401006,174759025,MS,F,19,R,GT3,A,1,1,at_home,at_home
Clara,F202401007,105632706,MS,F,18,R,GT3,T,2,2,services,other
Mark,F202401008,509257582,MS,M,17,R,GT3,T,4,3,services,other
Jay,F202401009,400759442,MS,F,18,U,GT3,T,3,3,services,services
Alexander,F202401010,508865325,MS,F,17,R,GT3,T,4,4,teacher,services
Jim,F202401011,261104800,MS,F,17,U,LE3,A,3,2,services,other
Amy,F202401012,286106603,MS,M,18,U,LE3,T,1,1,other,services
Isabella,F202401013,469623747,MS,F,18,U,LE3,T,1,1,at_home,services
Brenda,F202401014,621946484,MS,F,18,R,LE3,A,1,2,at_home,other
Dennis,F202401015,288882944,MS,F,18,U,GT3,T,3,3,services,services
Rebecca,F202401016,798944164,MS,F,17,U,LE3,T,4,4,at_home,at_home
Carmen,F202401017,915791326,MS,F,17,R,GT3,T,1,2,other,services
Hunter,F202401018,476031220,MS,M,18,R,GT3,T,1,3,at_home,other
Thomas,F202401019,943694059,MS,M,18,U,LE3,T,4,4,teacher,services
Keith,F202401020,381153229,MS,F,17,R,GT3,T,1,1,other,services
Sarah,F202401021,800232174,MS,F,18,U,GT3,T,2,3,at_home,services
Timothy,F202401022,136667922,MS,F,18,R,GT3,T,4,4,other,teacher
Cassandra,F202401023,875735764,MS,M,18,R,LE3,T,1,2,at_home,services
Chelsea,F202401024,441448232,MS,F,17,U,GT3,T,2,2,other,at_home
Frances,F202401025,154139108,MS,F,17,R,GT3,T,1,2,other,other
Todd,F202401026,536596243,MS,F,18,R,LE3,T,4,4,other,other
Regina,F202401027,471938677,MS,F,18,R,GT3,T,1,1,other,other
Gemma,F202401028,955813000,MS,F,19,R,GT3,T,1,1,at_home,other
Angela,F202401029,503388714,MS,F,18,R,LE3,T,4,4,teacher,services
Diane,F202401030,552891475,MS,F,18,U,GT3,T,3,3,other,other
Gary,F202401031,330513491,MS,F,17,R,GT3,T,3,1,at_home,other
Harper,F202401032,414710611,MS,M,18,U,GT3,T,4,4,teacher,teacher
Robert,F202401033,506714491,MS,M,18,R,GT3,T,2,1,other,other
Kathryn,F202401034,958309359,MS,M,17,U,GT3,T,2,3,other,services
Tammy,F202401035,794764885,MS,M,19,R,GT3,T,1,1,other,services
Connie,F202401036,502903088,MS,M,18,R,GT3,T,4,2,other,other
Richard,F202401037,894177151,MS,F,18,R,GT3,T,2,2,at_home,other
Tanya,F202401038,311721413,MS,F,17,U,GT3,T,4,3,teacher,other
Dennis,F202401039,379900518,MS,F,18,R,GT3,T,4,4,teacher,at_home
Benjamin,F202401040,776692112,MS,F,19,R,GT3,T,2,3,services,other
Tina,F202401041,243754469,MS,F,18,U,LE3,T,3,1,teacher,services
Destiny,F202401042,832615934,MS,F,18,U,GT3,T,1,1,other,other
Chase,F202401043,301115585,MS,M,17,U,LE3,T,3,1,services,services
Susan,F202401044,807583745,MS,M,18,R,LE3,T,3,2,services,other
Roy,F202400396,283085722,GP,F,18,U,GT3,A,4,4,at_home,teacher
April,F202400397,546224232,GP,F,17,U,GT3,T,1,1,at_home,other
Lisa,F202400398,359691856,GP,F,15,U,LE3,T,1,1,at_home,other
Elliott,F202400399,605091295,GP,F,15,U,GT3,T,4,2,health,services
Hunter,F202400400,442032805,GP,F,16,U,GT3,T,3,3,other,other
Madison,F202400401,737519164,GP,M,16,U,LE3,T,4,3,services,other
Morgan,F202400402,447260829,GP,M,16,U,LE3,T,2,2,other,other
Maria,F202400403,349804758,GP,F,17,U,GT3,A,4,4,other,teacher
Dorothy,F202400404,376857224,GP,M,15,U,LE3,A,3,2,services,other
Catherine,F202400405,167754842,GP,M,15,U,GT3,T,3,4,other,other
Janice,F202400406,828384395,GP,F,15,U,GT3,T,4,4,teacher,health
Victor,F202400407,389565812,GP,F,15,U,GT3,T,2,1,services,other
Danielle,F202400408,761478286,GP,M,15,U,LE3,T,4,4,health,services
Christine,F202400409,726430209,GP,M,15,U,GT3,T,4,3,teacher,other
Earl,F202400410,812661623,GP,M,15,U,GT3,A,2,2,other,other
Stephen,F202400411,373664083,GP,F,16,U,GT3,T,4,4,health,other
Miranda,F202400412,338643197,GP,F,16,U,GT3,T,4,4,services,services
Grant,F202400413,541951032,GP,F,16,U,GT3,T,3,3,other,other
June,F202400414,247338036,GP,M,17,U,GT3,T,3,2,services,services
Gerald,F202400415,598196802,GP,M,16,U,LE3,T,4,3,health,other
Albert,F202400416,811079038,GP,M,15,U,GT3,T,4,3,teacher,other
Joe,F202400417,890156233,GP,M,15,U,GT3,T,4,4,health,health
Marcus,F202400418,763854754,GP,M,16,U,LE3,T,4,2,teacher,other
Regina,F202400419,882510862,GP,M,16,U,LE3,T,2,2,other,other
Elliott,F202400420,421465732,GP,F,15,R,GT3,T,2,4,services,health
Adrian,F202400421,909760805,GP,F,16,U,GT3,T,2,2,services,services
Julian,F202400422,715765738,GP,M,15,U,GT3,T,2,2,other,other
Harold,F202400423,785248943,GP,M,15,U,GT3,T,4,2,health,services
Steve,F202400424,427344733,GP,M,16,U,LE3,A,3,4,services,other
Albert,F202400425,425241533,GP,M,16,U,GT3,T,4,4,teacher,teacher
Paula,F202400426,594984998,GP,M,15,U,GT3,T,4,4,health,services
Benjamin,F202400427,262927681,GP,M,15,U,GT3,T,4,4,services,services
Natalie,F202400428,957527769,GP,M,15,R,GT3,T,4,3,teacher,at_home
Andrew,F202400429,272155122,GP,M,15,U,LE3,T,3,3,other,other
Steven,F202400430,908715082,GP,M,16,U,GT3,T,3,2,other,other
Keith,F202400431,613423719,GP,F,15,U,GT3,T,2,3,other,other
Leah,F202400432,450771001,GP,M,15,U,LE3,T,4,3,teacher,services
Nina,F202400433,669769514,GP,M,16,R,GT3,A,4,4,other,teacher
Megan,F202400434,997074186,GP,F,15,R,GT3,T,3,4,services,health
Blair,F202400435,954080492,GP,F,15,R,GT3,T,2,2,at_home,other
Janet,F202400436,554987364,GP,F,16,U,LE3,T,2,2,other,other
Wayne,F202400437,557296661,GP,M,15,U,LE3,T,4,4,teacher,other
Donald,F202400438,471347745,GP,M,15,U,GT3,T,4,4,services,teacher
Jack,F202400439,367347274,GP,M,15,U,GT3,T,2,2,services,services
Alice,F202400440,400458265,GP,F,16,U,LE3,T,2,2,other,at_home
Wendy,F202400441,212833431,GP,F,15,U,LE3,A,4,3,other,other
Warren,F202400442,837067049,GP,F,16,U,LE3,A,3,3,other,services
Joseph,F202400443,664673337,GP,M,16,U,GT3,T,4,3,health,services
Diane,F202400444,275500539,GP,M,15,U,GT3,T,4,2,teacher,other
Howard,F202400445,485210223,GP,F,15,U,GT3,T,4,4,services,teacher
Sylvia,F202400446,140262360,GP,F,16,U,LE3,T,2,2,services,services
Anthony,F202400447,216164628,GP,F,15,U,LE3,T,4,2,health,other
Jessica,F202400448,275787453,GP,M,15,U,LE3,A,4,2,health,health
Elizabeth,F202400449,633798085,GP,F,15,U,GT3,T,4,4,services,services
Jamie,F202400450,830458963,GP,F,15,U,LE3,A,3,3,other,other
Isabella,F202400451,585894541,GP,F,16,U,GT3,A,2,1,other,other
Alex,F202400452,404750308,GP,F,15,U,GT3,A,4,3,services,services
Charlotte,F202400453,723498049,GP,M,15,U,GT3,T,4,4,teacher,health
Francis,F202400454,326316526,GP,M,15,U,LE3,T,1,2,other,at_home
Christina,F202400455,395803871,GP,F,16,U,GT3,T,4,2,services,other
Brian,F202400456,668176691,GP,F,16,R,GT3,T,4,4,health,teacher
Drake,F202400457,596303401,GP,F,16,U,GT3,T,1,1,services,services
Autumn,F202400458,986689414,GP,F,16,U,LE3,T,1,2,other,services
Ethan,F202400459,735623119,GP,F,16,U,GT3,T,4,3,teacher,health
Janice,F202400460,448611901,GP,F,15,U,LE3,T,4,3,services,services
Emma,F202400461,149869491,GP,F,16,U,LE3,T,4,3,teacher,services
Carmen,F202400462,642001960,GP,M,15,U,GT3,A,4,4,other,services
Ronald,F202400463,167184370,GP,F,16,U,GT3,T,3,1,services,other
Darren,F202400464,683044509,GP,F,15,R,LE3,T,2,2,health,services
Frank,F202400465,662329504,GP,F,15,R,LE3,T,3,1,other,other
August,F202400466,819087585,GP,M,16,U,GT3,T,3,1,other,other
Madison,F202400467,521641555,GP,M,15,U,GT3,T,4,2,other,other
Adam,F202400468,876711467,GP,F,15,R,GT3,T,1,1,other,other
Valerie,F202400469,550495760,GP,M,16,U,GT3,T,3,1,other,other
Blair,F202400470,585794519,GP,F,16,U,GT3,T,3,3,other,services
Lynn,F202400471,812673400,GP,M,15,U,GT3,T,4,3,teacher,other
Darren,F202400472,680168996,GP,M,15,U,GT3,T,4,0,teacher,other
Justin,F202400473,697480441,GP,F,16,U,GT3,T,2,2,other,other
Melanie,F202400474,565183713,GP,M,17,U,GT3,T,2,1,other,other
Simon,F202400475,183565534,GP,F,16,U,GT3,T,3,4,at_home,other
Bailey,F202400476,964540349,GP,M,15,U,GT3,T,2,3,other,services
Tyler,F202400477,592251621,GP,M,15,U,GT3,T,2,3,other,other
River,F202400478,806393814,GP,F,15,U,LE3,T,3,2,services,other
Lucas,F202400479,532899357,GP,M,15,U,LE3,T,2,2,services,services
Veronica,F202400480,447173709,GP,F,15,U,GT3,T,1,1,other,other
Owen,F202400481,632015070,GP,F,15,U,GT3,T,4,4,services,services
Zoe,F202400482,681642612,GP,F,16,U,LE3,T,2,2,at_home,other
Elena,F202400483,333665691,GP,F,15,U,GT3,T,4,2,other,other
Jonathan,F202400484,996215055,GP,M,16,U,GT3,T,2,2,services,other
Allison,F202400485,324335472,GP,M,16,U,LE3,A,4,4,teacher,health
Carter,F202400486,911283303,GP,F,16,U,GT3,T,3,3,other,other
Corey,F202400487,829189247,GP,F,15,U,GT3,T,4,3,services,other
Margaret,F202400488,358754051,GP,F,16,U,LE3,T,3,1,other,other
Veronica,F202400489,935625011,GP,F,16,U,GT3,T,4,2,teacher,services
Adrian,F202400490,698787274,GP,M,15,U,LE3,T,2,2,services,health
Cora,F202400491,910820457,GP,F,15,R,GT3,T,1,1,at_home,other
Sara,F202400492,721841281,GP,M,16,R,GT3,T,4,3,services,other
Susan,F202400493,512928558,GP,F,16,U,GT3,T,2,1,other,other
Dale,F202400494,300005699,GP,F,16,U,GT3,T,4,4,other,other
Leslie,F202400495,334086239,GP,F,16,U,GT3,T,4,3,other,at_home
Daisy,F202400496,529526891,GP,M,16,U,GT3,T,4,4,services,services
David,F202400497,703476219,GP,M,16,U,GT3,T,4,4,services,teacher
Justin,F202400498,887631538,GP,M,15,U,GT3,T,4,4,services,other
Jackson,F202400499,961099470,GP,F,15,U,GT3,T,3,2,services,other
Olivia,F202400500,499670731,GP,M,15,U,GT3,A,3,4,services,other
Martha,F202400501,813433345,GP,F,15,U,GT3,A,3,3,other,health
Rose,F202400502,267931868,GP,F,15,U,GT3,T,2,2,other,other
Megan,F202400503,920737394,GP,M,16,U,GT3,T,3,3,services,other
Raymond,F202400504,981108984,GP,M,15,R,GT3,T,4,4,other,other
Felix,F202400505,860946895,GP,F,16,U,LE3,T,4,4,health,health
Maxwell,F202400506,662860239,GP,M,15,U,LE3,A,4,4,teacher,teacher
Cynthia,F202400507,133518426,GP,F,16,R,GT3,T,3,3,services,other
Jade,F202400508,555445411,GP,F,16,U,GT3,T,2,2,at_home,other
Jason,F202400509,249194654,GP,M,15,U,LE3,T,4,2,teacher,other
Felix,F202400510,484347393,GP,M,15,R,GT3,T,2,1,health,services
Amy,F202400511,614449263,GP,M,16,U,GT3,T,4,4,teacher,teacher
Jacob,F202400512,718019231,GP,M,15,U,GT3,T,4,4,other,teacher
Ethan,F202400513,446387364,GP,M,16,U,GT3,T,3,3,other,services
Thomas,F202400514,856953488,GP,M,17,R,GT3,T,1,3,other,other
Chase,F202400515,160332475,GP,M,15,U,GT3,T,3,4,other,other
Amber,F202400516,901063817,GP,F,15,U,GT3,T,1,2,at_home,services
Henry,F202400517,602416019,GP,M,15,U,GT3,T,2,2,services,services
Fletcher,F202400518,252165744,GP,F,16,U,LE3,T,2,4,other,health
Fletcher,F202400519,916233253,GP,M,16,U,GT3,T,4,4,health,other
Martin,F202400520,982580068,GP,F,16,U,GT3,T,2,2,other,other
Alicia,F202400521,206417988,GP,M,15,U,GT3,T,3,4,services,services
Margaret,F202400522,701249761,GP,F,15,U,LE3,A,3,4,other,other
Cynthia,F202400523,250658309,GP,F,19,U,GT3,T,0,1,at_home,other
Victor,F202400524,315896705,GP,M,18,R,GT3,T,2,2,services,other
Sylvia,F202400525,207931035,GP,M,16,R,GT3,T,4,4,teacher,teacher
Eric,F202400526,348509269,GP,F,15,R,GT3,T,3,4,services,teacher
Felix,F202400527,499651645,GP,F,15,U,GT3,T,1,1,at_home,other
Blair,F202400528,640137969,GP,F,17,U,LE3,T,2,2,other,other
Franklin,F202400529,833918456,GP,F,16,U,GT3,A,3,4,services,other
Jimmy,F202400530,218924650,GP,M,15,R,GT3,T,3,4,at_home,teacher
Drake,F202400531,954240623,GP,F,15,U,GT3,T,4,4,services,at_home
Clayton,F202400532,550921266,GP,M,17,R,GT3,T,3,4,at_home,other
Caitlin,F202400533,355811023,GP,F,16,U,GT3,A,3,3,other,other
Brenda,F202400534,224343035,GP,M,16,U,LE3,T,1,1,services,other
Phoenix,F202400535,904815424,GP,F,15,U,GT3,T,4,4,teacher,teacher
Elizabeth,F202400536,899903121,GP,M,15,U,GT3,T,4,3,teacher,services
Sam,F202400537,535451871,GP,M,16,U,LE3,T,2,2,services,services
Andrew,F202400538,823089026,GP,F,15,U,GT3,T,4,4,teacher,services
Steve,F202400539,758464649,GP,F,16,U,LE3,T,1,1,at_home,at_home
Logan,F202400540,467182800,GP,M,17,U,GT3,T,2,1,other,other
Jonathan,F202400541,470957331,GP,F,15,U,GT3,T,1,1,other,services
Patricia,F202400542,750540009,GP,F,15,U,GT3,T,3,2,health,services
Leonard,F202400543,175321597,GP,F,15,U,GT3,T,1,2,at_home,other
Sara,F202400544,821832509,GP,M,16,U,GT3,T,4,4,teacher,teacher
Stella,F202400545,761754650,GP,M,15,U,LE3,A,2,1,services,other
Elaine,F202400546,441068440,GP,M,18,U,LE3,T,1,1,other,other
Cole,F202400547,783829564,GP,M,16,U,LE3,T,2,1,at_home,other
Emma,F202400548,796947798,GP,F,15,R,GT3,T,3,3,services,services
June,F202400549,896167823,GP,M,19,U,GT3,T,3,2,services,at_home
Scott,F202400550,242976817,GP,F,17,U,GT3,T,4,4,other,teacher
Cameron,F202400551,125985094,GP,M,15,R,GT3,T,2,3,at_home,services
Angela,F202400552,206223762,GP,M,17,R,LE3,T,1,2,other,other
Caitlin,F202400553,914366146,GP,F,18,R,GT3,T,1,1,at_home,other
Barbara,F202400554,561148218,GP,M,16,R,GT3,T,2,2,at_home,other
Judy,F202400555,657852404,GP,M,16,U,GT3,T,3,3,other,services
Alyssa,F202400556,279008754,GP,M,17,R,LE3,T,2,1,at_home,other
Philip,F202400557,443739338,GP,M,15,R,GT3,T,3,2,other,other
Sam,F202400558,657451425,GP,M,16,U,LE3,T,1,2,other,other
Kathy,F202400559,547426517,GP,M,17,U,GT3,T,1,3,at_home,services
Gemma,F202400560,943356484,GP,M,17,R,LE3,T,1,1,other,services
Tanya,F202400561,555329987,GP,M,16,U,GT3,T,3,2,services,services
Howard,F202400562,381143095,GP,M,16,U,GT3,T,2,2,other,other
Dylan,F202400563,973206753,GP,F,16,U,GT3,T,4,2,health,services
Justin,F202400564,618416261,GP,F,16,U,GT3,T,2,2,other,other
Paul,F202400565,338257927,GP,F,16,U,GT3,T,4,4,health,health
Maddox,F202400566,461408911,GP,M,16,U,GT3,T,3,4,other,other
Wanda,F202400567,120441514,GP,M,16,U,GT3,T,1,0,other,other
Chelsea,F202400568,832724481,GP,M,17,U,LE3,T,4,4,teacher,other
Louis,F202400569,742930474,GP,F,16,U,GT3,T,1,3,at_home,services
Cora,F202400570,443033831,GP,F,16,U,LE3,T,3,3,other,other
Carmen,F202400571,477181833,GP,M,17,U,LE3,T,4,3,teacher,other
Aidan,F202400572,115386517,GP,F,16,U,GT3,T,2,2,services,other
Todd,F202400573,178325176,GP,M,17,U,GT3,T,3,3,other,other
Gregory,F202400574,253121018,GP,M,16,R,GT3,T,4,2,teacher,services
Phoenix,F202400575,668448365,GP,M,17,U,GT3,T,4,3,other,other
Taylor,F202400576,476358158,GP,M,16,U,GT3,T,4,3,teacher,other
Alicia,F202400577,707624025,GP,M,16,U,GT3,T,3,3,services,other
Harry,F202400578,635170348,GP,F,17,U,GT3,T,2,4,services,services
Paul,F202400579,973320909,GP,F,17,U,LE3,T,3,3,other,other
Carter,F202400580,550943606,GP,F,16,U,GT3,T,3,2,other,other
Evelyn,F202400581,134819333,GP,M,17,U,GT3,T,3,3,services,services
Melissa,F202400582,378627776,GP,M,16,U,GT3,T,1,2,services,services
Randy,F202400583,862399316,GP,M,16,U,LE3,T,2,1,other,other
Zachary,F202400584,561936407,GP,F,17,U,GT3,A,3,3,health,other
Anna,F202400585,114815202,GP,M,17,R,GT3,T,1,2,at_home,other
Matthew,F202400586,297535128,GP,F,16,U,GT3,T,2,3,services,services
Courtney,F202400587,131467432,GP,F,17,U,GT3,T,1,1,at_home,services
Julian,F202400588,524030379,GP,M,17,U,GT3,T,1,2,at_home,services
Jim,F202400589,339789990,GP,M,16,R,GT3,T,3,3,services,services
Peggy,F202400590,485585139,GP,M,16,U,GT3,T,2,3,other,other
Bethany,F202400591,911481765,GP,F,17,U,LE3,T,2,4,services,services
Ruth,F202400592,158573123,GP,M,17,U,GT3,T,4,4,services,teacher
Holly,F202400593,757279057,GP,M,16,R,LE3,T,3,3,teacher,other
Danielle,F202400594,893177379,GP,F,17,U,GT3,T,4,4,services,teacher
Olivia,F202400595,453173443,GP,F,16,U,LE3,T,4,4,teacher,teacher
Aaron,F202400596,906538675,GP,F,16,U,GT3,T,4,3,health,other
Eric,F202400597,271066048,GP,F,16,U,GT3,T,2,3,other,other
Katie,F202400598,894602354,GP,F,17,U,GT3,T,1,1,other,other
Franklin,F202400599,900370782,GP,F,17,R,GT3,T,2,2,other,other
Jade,F202400600,905642556,GP,F,16,R,GT3,T,2,2,services,services
Craig,F202400601,549586968,GP,F,17,U,GT3,T,3,4,at_home,services
Daniel,F202400602,276559458,GP,F,16,U,GT3,A,3,1,services,other
Jean,F202400603,199721248,GP,F,16,U,GT3,T,4,3,teacher,other
Roger,F202400604,321079734,GP,F,16,U,GT3,T,1,1,at_home,other
Donald,F202400605,567059179,GP,F,17,R,GT3,T,4,3,teacher,other
Bryan,F202400606,332059895,GP,F,19,U,GT3,T,3,3,other,other
Angela,F202400607,176656315,GP,M,17,U,LE3,T,4,4,services,other
Blake,F202400608,699957247,GP,F,16,U,GT3,A,2,2,other,other
Claire,F202400609,729477542,GP,M,18,U,GT3,T,2,2,services,other
Chelsea,F202400610,775271415,GP,F,17,R,LE3,T,4,4,services,other
Gregory,F202400611,545535575,GP,F,17,U,LE3,T,3,2,other,other
Parker,F202400612,187768686,GP,F,17,U,GT3,T,4,3,other,other
Douglas,F202400613,487908759,GP,M,18,U,LE3,T,3,3,services,health
Janice,F202400614,529938020,GP,F,17,U,GT3,T,2,3,at_home,other
Phoenix,F202400615,693763979,GP,F,17,U,GT3,T,2,2,at_home,at_home
Warren,F202400616,151624578,GP,F,17,R,GT3,T,2,1,at_home,services
Jamie,F202400617,220499235,GP,F,17,U,GT3,T,1,1,at_home,other
Melanie,F202400618,624620883,GP,F,16,U,GT3,T,2,3,services,teacher
Lori,F202400619,292970265,GP,M,18,U,GT3,T,2,2,other,other
Franklin,F202400620,160446585,GP,F,16,U,GT3,T,4,4,teacher,services
Joyce,F202400621,538275816,GP,F,18,R,GT3,T,3,1,other,other
Isaac,F202400622,272957461,GP,F,17,U,GT3,T,3,2,other,other
Melanie,F202400623,742591366,GP,M,17,U,LE3,T,2,3,services,services
Chad,F202400624,180759160,GP,M,18,U,LE3,T,2,1,at_home,other
Francis,F202400625,415800987,GP,F,17,U,GT3,A,2,1,other,other
Catherine,F202400626,892816606,GP,F,17,U,LE3,T,4,3,health,other
Dean,F202400627,976660713,GP,M,17,R,GT3,T,2,2,other,other
Justin,F202400628,829525023,GP,M,17,U,GT3,T,4,4,teacher,teacher
Ivy,F202400629,962562188,GP,M,16,U,GT3,T,4,4,health,other
Henry,F202400630,954873075,GP,M,16,U,LE3,T,1,1,other,other
Maxwell,F202400631,962118608,GP,M,16,U,GT3,T,3,2,at_home,other
James,F202400632,839017513,GP,M,17,U,LE3,T,2,2,other,other
Michelle,F202400633,331467291,GP,F,16,U,GT3,T,2,1,other,other
Holly,F202400634,408470496,GP,F,17,R,GT3,T,2,1,at_home,services
Lisa,F202400635,571091074,GP,M,18,U,GT3,T,2,2,other,services
Leah,F202400636,399512940,GP,M,17,U,LE3,T,4,3,health,other
Catherine,F202400637,647449403,GP,M,17,R,LE3,A,4,4,teacher,other
Heather,F202400638,387864588,GP,M,16,U,LE3,T,4,3,teacher,other
Linda,F202400639,153922351,GP,M,16,U,GT3,T,4,4,services,services
Irene,F202400640,249505644,GP,F,18,U,GT3,T,2,1,other,other
Ralph,F202400641,638162296,GP,M,16,U,GT3,T,2,1,other,other
Sage,F202400642,641705414,GP,M,17,U,GT3,T,2,3,other,other
Julian,F202400643,507378216,GP,M,22,U,GT3,T,3,1,services,services
Gloria,F202400644,383852401,GP,M,18,R,LE3,T,3,3,other,services
Nathan,F202400645,832212472,GP,M,16,U,GT3,T,0,2,other,other
Caroline,F202400646,959662460,GP,M,18,U,GT3,T,3,2,services,other
Helen,F202400647,396216363,GP,M,16,U,GT3,T,3,3,at_home,other
Silas,F202400648,508788577,GP,M,18,U,GT3,T,2,1,services,services
Manuel,F202400649,314970911,GP,M,16,R,GT3,T,2,1,other,other
Maxwell,F202400650,505077684,GP,M,17,R,GT3,T,2,1,other,other
Ivy,F202400651,366575902,GP,M,17,U,LE3,T,1,1,health,other
Caleb,F202400652,845821872,GP,F,17,U,LE3,T,4,2,teacher,services
Jill,F202400653,107999614,GP,M,19,U,LE3,A,4,3,services,at_home
Manuel,F202400654,272324806,GP,M,18,U,GT3,T,2,1,other,other
Holly,F202400655,610394752,GP,F,17,U,LE3,T,2,2,services,services
Martin,F202400656,392806566,GP,F,18,U,GT3,T,4,3,services,other
Jamie,F202400657,814772820,GP,M,18,U,GT3,T,4,3,teacher,other
Philip,F202400658,877143158,GP,M,18,R,GT3,T,3,2,other,other
Madison,F202400659,156522725,GP,F,17,U,GT3,T,3,3,other,other
Lawrence,F202400660,172311567,GP,F,18,U,GT3,T,2,2,at_home,services
Marie,F202400661,506064344,GP,M,18,R,LE3,A,3,4,other,other
Stephanie,F202400662,625991655,GP,M,17,U,GT3,T,3,1,services,other
Blair,F202400663,269086532,GP,F,18,R,GT3,T,4,4,teacher,other
Lauren,F202400664,803340053,GP,M,18,U,GT3,T,4,2,health,other
Caleb,F202400665,707893958,GP,F,18,R,GT3,T,2,1,other,other
Felix,F202400666,290001107,GP,F,19,U,GT3,T,3,3,other,services
Carolyn,F202400667,990992624,GP,F,18,U,GT3,T,2,3,other,services
Peter,F202400668,649926288,GP,F,18,U,LE3,T,1,1,other,other
Dean,F202400669,725882147,GP,M,17,R,GT3,T,1,2,at_home,at_home
Antonio,F202400670,597161052,GP,F,17,U,GT3,T,2,4,at_home,health
Ariana,F202400671,838243659,GP,F,17,U,LE3,T,2,2,services,other
Taylor,F202400672,347970258,GP,F,18,R,GT3,A,3,2,other,services
Jade,F202400673,796849262,GP,M,18,U,GT3,T,4,4,teacher,services
Cathy,F202400674,376816073,GP,F,18,U,GT3,T,4,4,health,health
Fred,F202400675,818264808,GP,M,18,U,LE3,T,4,3,teacher,services
Manuel,F202400676,426579210,GP,M,17,U,LE3,A,4,1,services,other
Luke,F202400677,463310986,GP,M,17,U,LE3,A,3,2,teacher,services
Angela,F202400678,371247270,GP,F,18,R,LE3,T,1,1,at_home,other
Lee,F202400679,532416543,GP,F,18,U,GT3,T,1,1,other,other
Isabella,F202400680,329319209,GP,F,17,U,GT3,T,2,2,other,other
Johnny,F202400681,620780478,GP,M,17,U,GT3,T,1,1,other,other
Maddox,F202400682,416521522,GP,F,18,U,GT3,T,2,2,at_home,at_home
Irene,F202400683,488106069,GP,F,17,U,GT3,T,1,1,services,teacher
Gavin,F202400684,596101473,GP,M,18,U,GT3,T,2,1,services,services
Blair,F202400685,346010661,GP,M,18,U,LE3,A,4,4,teacher,teacher
Cassandra,F202400686,475955801,GP,M,18,U,GT3,T,4,2,teacher,other
Abigail,F202400687,134972808,GP,F,17,U,GT3,T,4,3,health,services
Tom,F202400688,369127020,GP,F,18,U,LE3,T,2,1,services,at_home
Pamela,F202400689,223068219,GP,F,17,R,LE3,T,3,1,services,other
Lauren,F202400690,571377315,GP,M,18,R,LE3,T,3,2,services,other
Amber,F202400691,305345526,GP,M,17,U,GT3,T,3,3,health,other
Brian,F202400692,266840533,GP,F,19,U,GT3,T,4,4,health,other
Tanya,F202400693,352900483,GP,F,18,U,LE3,T,4,3,other,other
Sara,F202400694,910923639,GP,F,18,U,GT3,T,4,3,other,other
Victor,F202400695,414498779,GP,M,18,U,LE3,T,4,4,teacher,teacher
Lauren,F202400696,309993599,GP,F,18,U,LE3,A,4,4,health,other
Craig,F202400697,771347289,GP,M,17,U,LE3,T,4,4,other,teacher
Isabella,F202400698,465636683,GP,F,17,U,GT3,T,4,2,other,other
Colton,F202400699,329073810,GP,F,17,U,GT3,T,3,2,health,health
Michael,F202400700,362838458,GP,M,19,U,GT3,T,3,3,other,other
Emma,F202400701,591350935,GP,F,18,U,GT3,T,2,4,services,at_home
Travis,F202400702,931323216,GP,M,20,U,GT3,A,3,2,services,other
Audrey,F202400703,784979792,GP,M,19,U,GT3,T,4,4,teacher,services
Caitlin,F202400704,295492546,GP,M,19,R,GT3,T,3,3,other,services
Erica,F202400705,377406888,GP,F,19,U,LE3,T,1,1,at_home,other
Hannah,F202400706,961998170,GP,F,19,U,LE3,T,1,2,services,services
Caitlin,F202400707,433974388,GP,F,19,U,GT3,T,2,1,at_home,other
Allison,F202400708,975969046,GP,M,19,U,GT3,T,1,2,other,services
Ronald,F202400709,970627103,GP,F,19,U,LE3,T,3,2,services,other
Jason,F202400710,780060344,GP,F,19,U,GT3,T,1,1,at_home,health
Ryan,F202400711,955086696,GP,F,19,R,GT3,T,2,3,other,other
Holly,F202400712,194675323,GP,F,18,U,GT3,T,2,1,services,other
Grace,F202400713,267150510,GP,F,18,U,GT3,T,4,3,other,other
Cathy,F202400714,143662152,GP,F,17,R,GT3,T,3,4,at_home,services
Virginia,F202400715,558861664,GP,F,18,U,GT3,T,4,4,teacher,other
Sam,F202400716,401866061,GP,F,17,U,GT3,A,4,3,services,services
Maxwell,F202400717,498890614,GP,F,17,U,GT3,T,2,2,other,other
Raymond,F202400718,948083048,GP,F,17,R,LE3,T,2,2,services,services
Ashley,F202400719,654435150,GP,F,17,U,GT3,T,3,1,services,services
Fletcher,F202400720,555372649,GP,F,17,U,LE3,T,0,2,at_home,at_home
Brenda,F202400721,266592097,GP,M,18,U,GT3,T,4,4,other,other
Corey,F202400722,847614359,GP,M,17,U,GT3,T,3,3,other,services
Robin,F202400723,306872602,GP,M,17,R,GT3,T,2,2,services,other
Lauren,F202400724,524608891,GP,F,17,U,GT3,T,4,4,teacher,services
Sandra,F202400725,954101472,GP,F,17,U,GT3,T,4,4,teacher,teacher
Heather,F202400726,751384158,GP,M,18,U,LE3,T,2,2,other,other
Ian,F202400727,457804969,GP,F,17,R,GT3,T,2,4,at_home,other
Avery,F202400728,126409081,GP,F,18,U,GT3,T,3,3,services,services
Jack,F202400729,316684198,GP,F,18,U,LE3,T,2,2,other,other
Randy,F202400730,317839308,GP,F,18,R,GT3,T,2,2,at_home,other
Brandy,F202400731,322406958,GP,F,17,U,GT3,T,3,4,services,other
Allison,F202400732,383433946,GP,F,19,R,GT3,A,3,1,services,at_home
Brittany,F202400733,309720990,GP,F,17,U,GT3,T,3,2,other,other
Debra,F202400734,331173060,GP,F,18,U,LE3,T,3,3,services,services
Amanda,F202400735,849913801,GP,F,17,R,GT3,A,3,2,other,other
Jennifer,F202400736,707169743,GP,F,19,U,GT3,T,2,1,services,services
Laura,F202400737,692627619,GP,M,18,U,GT3,T,4,4,teacher,services
Jane,F202400738,510001121,GP,M,18,U,LE3,T,3,4,services,other
Alyssa,F202400739,852862724,GP,F,17,U,GT3,A,2,2,at_home,at_home
Donald,F202400740,164621375,GP,F,18,U,GT3,T,2,3,at_home,other
Lois,F202400741,655804981,GP,F,18,U,GT3,T,3,2,other,services
Martin,F202400742,796097609,GP,M,18,R,GT3,T,4,3,teacher,services
Reed,F202400743,320902666,GP,M,18,U,GT3,T,4,3,teacher,other
Aurora,F202400744,545109219,GP,F,17,U,GT3,T,4,3,health,other
Darren,F202400745,626291265,MS,M,18,R,GT3,T,3,2,other,other
Sophia,F202400746,203678794,MS,M,19,R,GT3,T,1,1,other,services
Melanie,F202400747,225919056,MS,M,17,U,GT3,T,3,3,health,other
Nicholas,F202400748,907910651,MS,M,18,U,LE3,T,1,3,at_home,services
Chelsea,F202400749,415341037,MS,M,19,R,GT3,T,1,1,other,other
Ronald,F202400750,643107400,MS,M,17,R,GT3,T,4,3,services,other
Jimmy,F202400751,435240538,MS,F,18,U,GT3,T,3,3,services,services
Ellen,F202400752,235566555,MS,F,17,R,GT3,T,4,4,teacher,services
Willie,F202400753,204363495,MS,F,17,U,LE3,A,3,2,services,other
Megan,F202400754,985701264,MS,M,18,U,LE3,T,1,1,other,services
Sandra,F202400755,890048629,MS,F,18,U,LE3,T,1,1,at_home,services
Juan,F202400756,837025321,MS,F,18,R,LE3,A,1,4,at_home,other
Scott,F202400757,826464918,MS,M,18,R,LE3,T,1,1,at_home,other
Magnus,F202400758,576807782,MS,F,18,U,GT3,T,3,3,services,services
Carolyn,F202400759,603404482,MS,F,17,U,LE3,T,4,4,at_home,at_home
Isaac,F202400760,760889450,MS,F,17,R,GT3,T,1,2,other,services
Roy,F202400761,501007081,MS,M,18,R,GT3,T,1,3,at_home,other
Gavin,F202400762,297823937,MS,M,18,U,LE3,T,4,4,teacher,services
Courtney,F202400763,851273216,MS,F,17,R,GT3,T,1,1,other,services
Paul,F202400764,849078199,MS,F,18,U,GT3,T,2,3,at_home,services
Elliott,F202400765,533222987,MS,F,18,R,GT3,T,4,4,other,teacher
Amber,F202400766,987164173,MS,F,19,U,LE3,T,3,2,services,services
Oscar,F202400767,586848582,MS,M,18,R,LE3,T,1,2,at_home,services
Sheila,F202400768,728184394,MS,F,17,U,GT3,T,2,2,other,at_home
Lucy,F202400769,930141176,MS,F,17,R,GT3,T,1,2,other,other
Jim,F202400770,812010166,MS,F,18,R,LE3,T,4,4,other,other
Valerie,F202400771,313251972,MS,F,18,R,GT3,T,1,1,other,other
Felix,F202400772,918909218,MS,F,20,U,GT3,T,4,2,health,other
Maddox,F202400773,795688996,MS,F,18,R,LE3,T,4,4,teacher,services
Taylor,F202400774,949674177,MS,F,18,U,GT3,T,3,3,other,other
Dennis,F202400775,478445797,MS,F,17,R,GT3,T,3,1,at_home,other
Clara,F202400776,474078883,MS,M,18,U,GT3,T,4,4,teacher,teacher
Nina,F202400777,352476930,MS,M,18,R,GT3,T,2,1,other,other
Lois,F202400778,758853611,MS,M,17,U,GT3,T,2,3,other,services
Leo,F202400779,341938702,MS,M,19,R,GT3,T,1,1,other,services
Francis,F202400780,678528145,MS,M,18,R,GT3,T,4,2,other,other
Brandy,F202400781,439516739,MS,F,18,R,GT3,T,2,2,at_home,other
Deborah,F202400782,189264959,MS,F,18,R,GT3,T,4,4,teacher,at_home
Hazel,F202400783,790699660,MS,F,19,R,GT3,T,2,3,services,other
Ethan,F202400784,447332565,MS,F,18,U,LE3,T,3,1,teacher,services
Taylor,F202400785,237823112,MS,F,18,U,GT3,T,1,1,other,other
Iris,F202400786,647862901,MS,M,20,U,LE3,A,2,2,services,services
Jason,F202400787,106098458,MS,M,17,U,LE3,T,3,1,services,services
Blaine,F202400788,123215028,MS,M,21,R,GT3,T,1,1,other,other
Elaine,F202400789,858916619,MS,M,18,R,LE3,T,3,2,services,other
Sam,F202400790,839406795,MS,M,19,U,LE3,T,1,1,other,at_home
