姓名,学号,证件号,学校,专业,性别,年龄,居住地,家庭规模,父母婚姻状况,母亲受教育水平,父亲受教育水平,母亲工作,父亲工作
周建华,2022000000,591357200409137191,RUC,应用数学,F,20,U,GT3,T,3,4,accountant,at_home
彭勇,2022000001,389159200308058130,RUC,应用数学,F,21,R,GT3,T,4,4,teacher,manager
董建平,2022000002,413067200205248301,RUC,人工智能,F,22,R,LE3,A,1,1,lawyer,engineer
曾语涵,2022000003,529861200210112638,RUC,大数据治理,M,22,R,GT3,T,0,1,businessman,doctor
胡国强,2022000004,254615200206207888,RUC,大数据治理,F,22,U,GT3,A,1,1,manager,worker
彭欣然,2022000005,342022200202200722,RUC,应用数学,F,22,R,LE3,A,0,1,accountant,lawyer
谢梦婷,2022000006,201790200311173436,RUC,应用数学,F,21,R,GT3,T,2,2,businessman,at_home
陈秀兰,2022000007,591248200412266607,RUC,人工智能,M,20,R,GT3,T,0,0,civil_servant,doctor
于梦婷,2022000008,207581200205284576,RUC,人工智能,F,22,U,GT3,A,2,1,at_home,accountant
王霞,2022000009,407797200407223265,RUC,计算机科学与技术,M,20,R,GT3,T,4,3,teacher,worker
宋梦茜,2022000010,430888200412081642,RUC,大数据治理,M,20,R,GT3,T,3,4,civil_servant,self_employed
高建军,2022000011,397968200406070196,RUC,应用数学,F,20,R,GT3,T,1,4,civil_servant,businessman
冯敏,2022000012,533423200312264693,RUC,应用数学,M,21,R,GT3,T,3,1,civil_servant,at_home
陈洋,2022000013,586642200405194862,RUC,计算机科学与技术,F,20,U,GT3,T,2,2,businessman,civil_servant
陈欣宜,2022000014,248165200301271600,RUC,应用数学,M,21,U,GT3,A,4,3,self_employed,doctor
许欣欣,2022000015,507677200211233396,RUC,人工智能,F,22,R,GT3,A,4,4,at_home,lawyer
吴欣怡,2022000016,590622200404144223,RUC,大数据治理,F,20,R,LE3,T,3,2,self_employed,businessman
卢志国,2022000017,282397200512254989,RUC,大数据治理,M,19,R,GT3,A,4,4,worker,accountant
李文,2022000018,258769200207084777,RUC,大数据治理,M,22,R,GT3,A,2,1,self_employed,civil_servant
傅语涵,2022000019,125593200409119994,RUC,人工智能,F,20,R,LE3,T,2,4,at_home,engineer
叶子轩,2022000020,144894200402051607,RUC,人工智能,F,20,U,GT3,A,3,1,doctor,at_home
吴国华,2022000021,272588200301104411,RUC,大数据治理,M,21,U,LE3,T,0,1,at_home,at_home
黄洋,2022000022,254320200308043697,RUC,人工智能,F,21,U,GT3,A,3,1,self_employed,engineer
冯欣慧,2022000023,267891200202247711,RUC,应用数学,F,22,U,GT3,A,3,2,worker,at_home
郑梦茜,2022000024,241177200305130270,RUC,人工智能,F,21,R,LE3,T,0,2,worker,accountant
孙欣慧,2022000025,341377200409140125,RUC,应用数学,F,20,R,LE3,T,4,1,doctor,businessman
贾明,2022000026,455729200212275846,RUC,人工智能,F,22,U,GT3,T,1,1,accountant,self_employed
蔡强,2022000027,571164200305023734,RUC,人工智能,M,21,U,GT3,T,1,3,worker,accountant
唐子豪,2022000028,308992200210130415,RUC,计算机科学与技术,M,22,U,GT3,T,4,1,teacher,accountant
林磊,2022000029,134515200310126660,RUC,应用数学,M,21,U,LE3,T,3,2,civil_servant,doctor
许梦琪,2022000030,240994200309092168,RUC,计算机科学与技术,M,21,U,LE3,A,3,2,at_home,businessman
许文,2022000031,414356200305102385,RUC,应用数学,F,21,U,LE3,T,2,2,accountant,doctor
唐强,2022000032,391451200407281316,RUC,计算机科学与技术,F,20,R,GT3,T,3,1,civil_servant,lawyer
吕艳,2022000033,228243200501028827,RUC,大数据治理,M,19,U,LE3,A,1,2,doctor,businessman
邓欣然,2022000034,556501200206115214,RUC,人工智能,F,22,R,GT3,A,4,3,self_employed,self_employed
萧洋,2022000035,406016200205272077,RUC,应用数学,M,22,R,LE3,T,2,4,worker,worker
吕雨晴,2022000036,584235200305252911,RUC,应用数学,F,21,U,GT3,T,4,4,at_home,teacher
赵勇,2022000037,365942200404172380,RUC,计算机科学与技术,F,20,U,LE3,A,0,4,businessman,teacher
傅子豪,2022000038,411029200311206050,RUC,人工智能,M,21,U,LE3,T,1,2,at_home,doctor
宋霞,2022000039,432180200411040639,RUC,人工智能,M,20,U,GT3,A,0,0,engineer,engineer
于娜,2022000040,222213200507066068,RUC,人工智能,M,19,U,LE3,A,4,4,teacher,doctor
董云,2022000041,239832200207251469,RUC,大数据治理,M,22,R,LE3,T,0,4,engineer,businessman
萧杰,2022000042,272414200405047614,RUC,应用数学,F,20,R,GT3,A,1,1,manager,self_employed
袁志华,2022000043,365283200311048701,RUC,大数据治理,M,21,U,GT3,A,4,3,teacher,manager
徐娜,2022000044,589093200207039948,RUC,人工智能,F,22,U,LE3,T,0,2,self_employed,lawyer
蔡芬,2022000045,270076200309022687,RUC,应用数学,F,21,R,LE3,A,1,1,self_employed,teacher
高国平,2022000046,498349200304025781,RUC,应用数学,M,21,R,GT3,T,0,3,teacher,manager
蒋欣怡,2022000047,390057200411180005,RUC,计算机科学与技术,F,20,R,LE3,A,0,1,civil_servant,accountant
吕建军,2022000048,399348200509195386,RUC,应用数学,F,19,U,LE3,T,3,1,self_employed,businessman
薛志强,2022000049,198461200210135388,RUC,大数据治理,F,22,U,GT3,T,4,4,at_home,doctor
吴梦涵,2022000050,468281200406255778,RUC,大数据治理,M,20,R,GT3,A,3,0,manager,businessman
贾梦茜,2022000051,485627200309083227,RUC,人工智能,M,21,U,LE3,T,1,2,worker,self_employed
冯国强,2022000052,387815200305113622,RUC,计算机科学与技术,F,21,R,GT3,T,1,2,accountant,at_home
林浩然,2022000053,105922200401018073,RUC,人工智能,F,20,U,LE3,A,1,3,self_employed,teacher
蔡宇轩,2022000054,407741200301203354,RUC,大数据治理,M,21,R,LE3,A,3,1,lawyer,worker
张刚,2022000055,143726200305021729,RUC,大数据治理,F,21,U,LE3,T,0,3,civil_servant,civil_servant
傅霞,2022000056,355130200506181160,RUC,大数据治理,M,19,R,GT3,A,3,1,self_employed,worker
郭浩然,2022000057,103172200209286114,RUC,应用数学,F,22,U,LE3,T,3,3,businessman,businessman
朱梦璐,2022000058,352481200508230004,RUC,人工智能,F,19,U,LE3,A,1,4,engineer,doctor
丁梦涵,2022000059,458199200409285547,RUC,大数据治理,F,20,U,GT3,T,1,2,businessman,civil_servant
卢欣慧,2022000060,225982200405106432,RUC,应用数学,F,20,U,LE3,A,2,4,civil_servant,engineer
黄梦婷,2022000061,471769200412084607,RUC,大数据治理,M,20,R,LE3,A,1,0,lawyer,civil_servant
苏建国,2022000062,440213200412021457,RUC,人工智能,M,20,U,GT3,A,1,3,manager,worker
郑云,2022000063,200659200311211213,RUC,计算机科学与技术,F,21,U,LE3,A,4,3,teacher,doctor
阎浩天,2022000064,435130200503029352,RUC,计算机科学与技术,M,19,R,GT3,T,4,1,lawyer,civil_servant
许国平,2022000065,216726200511108008,RUC,人工智能,M,19,U,LE3,A,0,2,worker,engineer
林志文,2022000066,403846200208271826,RUC,人工智能,M,22,R,LE3,A,2,2,businessman,teacher
黄欣慧,2022000067,523825200512160700,RUC,应用数学,M,19,R,LE3,T,3,2,businessman,self_employed
蒋勇,2022000068,350916200203241433,RUC,应用数学,F,22,R,LE3,A,0,4,accountant,businessman
高梦茜,2022000069,496785200404217758,RUC,大数据治理,F,20,R,GT3,A,4,1,worker,engineer
谢志国,2022000070,421812200509060405,RUC,应用数学,F,19,R,LE3,A,4,0,at_home,accountant
贾强,2022000071,455643200409011944,RUC,大数据治理,M,20,R,GT3,A,4,2,manager,teacher
朱秀兰,2022000072,151379200410289254,RUC,大数据治理,F,20,R,GT3,A,4,0,accountant,civil_servant
刘秀兰,2022000073,214049200404050346,RUC,应用数学,M,20,U,LE3,T,2,2,at_home,engineer
曾丽,2022000074,332688200402172408,RUC,应用数学,F,20,R,GT3,A,2,1,at_home,self_employed
冯建华,2022000075,481729200205111446,RUC,计算机科学与技术,F,22,R,LE3,T,1,3,civil_servant,at_home
罗国华,2022000076,415479200310231236,RUC,应用数学,M,21,U,LE3,A,2,3,doctor,self_employed
叶欣慧,2022000077,583272200202208005,RUC,计算机科学与技术,F,22,R,LE3,T,0,0,at_home,engineer
罗芳,2022000078,319035200301211515,RUC,大数据治理,M,21,R,LE3,T,2,4,engineer,manager
傅雨涵,2022000079,248797200304022996,RUC,大数据治理,M,21,R,LE3,T,3,1,doctor,at_home
袁语蝶,2022000080,540524200311255935,RUC,计算机科学与技术,M,21,R,LE3,T,0,2,manager,businessman
沈建国,2022000081,140563200202109748,RUC,人工智能,M,22,R,LE3,T,3,2,businessman,at_home
苏桂英,2022000082,190787200512104259,RUC,人工智能,M,19,U,LE3,T,3,4,engineer,manager
贾浩然,2022000083,250689200507216739,RUC,应用数学,M,19,U,GT3,A,0,3,lawyer,lawyer
谢建平,2022000084,565177200510142992,RUC,大数据治理,F,19,U,GT3,T,0,4,lawyer,manager
林雨涵,2022000085,506505200303064711,RUC,应用数学,F,21,R,GT3,T,1,1,teacher,doctor
宋志国,2022000086,196018200203068061,RUC,人工智能,M,22,U,GT3,A,2,4,engineer,self_employed
张国华,2022000087,518237200302081099,RUC,大数据治理,M,21,R,GT3,T,2,3,engineer,self_employed
李勇,2022000088,364537200406139967,RUC,应用数学,M,20,R,GT3,T,1,4,accountant,manager
林涛,2022000089,194030200411124584,RUC,应用数学,M,20,U,LE3,A,4,0,engineer,at_home
许芳,2022000090,593587200508180595,RUC,人工智能,M,19,R,LE3,A,0,1,lawyer,businessman
王志国,2022000091,249458200404173526,RUC,大数据治理,F,20,U,LE3,A,4,3,self_employed,teacher
叶雨涵,2022000092,289661200307281864,RUC,计算机科学与技术,F,21,R,LE3,A,3,3,worker,businessman
董梦琪,2022000093,335333200510044209,RUC,计算机科学与技术,F,19,U,LE3,A,3,2,at_home,lawyer
沈军,2022000094,267514200306052247,RUC,计算机科学与技术,F,21,U,GT3,T,2,2,self_employed,at_home
苏语涵,2022000095,570767200408098617,RUC,计算机科学与技术,F,20,U,GT3,A,3,3,doctor,at_home
萧子轩,2022000096,145327200202057863,RUC,计算机科学与技术,M,22,U,GT3,T,4,2,businessman,accountant
谢语晨,2022000097,253199200402026718,RUC,大数据治理,F,20,R,LE3,A,1,0,manager,at_home
何浩轩,2022000098,545815200403133087,RUC,计算机科学与技术,M,20,R,GT3,T,2,1,engineer,manager
丁雨涵,2022000099,406527200201189720,RUC,人工智能,M,22,U,LE3,A,1,4,self_employed,businessman
王勇,2022000100,102394200211031742,RUC,大数据治理,M,22,U,LE3,A,1,1,accountant,engineer
郭梦婷,2022000101,177818200309167759,RUC,人工智能,M,21,R,GT3,T,0,2,at_home,teacher
林秀英,2022000102,219250200507100393,RUC,应用数学,M,19,R,GT3,A,3,1,self_employed,engineer
丁建华,2022000103,437650200409286916,RUC,大数据治理,F,20,R,GT3,T,4,2,engineer,accountant
卢志平,2022000104,124480200408209039,RUC,应用数学,M,20,R,GT3,T,1,2,civil_servant,lawyer
吴丽,2022000105,433751200403174633,RUC,人工智能,M,20,U,LE3,T,3,4,teacher,businessman
黄欣然,2022000106,508176200207058678,RUC,应用数学,M,22,R,GT3,T,4,3,worker,civil_servant
吕刚,2022000107,173707200204147464,RUC,应用数学,M,22,R,LE3,T,4,1,lawyer,lawyer
黄建华,2022000108,170703200504016539,RUC,计算机科学与技术,M,19,U,LE3,T,1,2,businessman,manager
高梦涵,2022000109,251045200311261061,RUC,应用数学,F,21,R,LE3,A,0,2,teacher,teacher
黄涛,2022000110,103375200509181495,RUC,人工智能,M,19,R,GT3,T,0,4,lawyer,at_home
傅明,2022000111,496402200404227357,RUC,人工智能,F,20,R,LE3,T,3,1,engineer,businessman
冯文,2022000112,391857200307094703,RUC,大数据治理,M,21,R,LE3,T,0,3,at_home,teacher
蔡雨涵,2022000113,269669200203124708,RUC,大数据治理,M,22,U,LE3,T,3,4,doctor,worker
唐欣诺,2022000114,212259200312053388,RUC,人工智能,F,21,U,GT3,T,2,4,manager,doctor
蔡梦茜,2022000115,478474200506231170,RUC,计算机科学与技术,M,19,U,LE3,T,4,0,engineer,doctor
冯艳,2022000116,286841200407105734,RUC,应用数学,F,20,R,GT3,T,0,2,worker,self_employed
曾娜,2022000117,187692200506176791,RUC,应用数学,F,19,U,LE3,T,0,3,accountant,civil_servant
丁静,2022000118,170327200504176867,RUC,应用数学,F,19,R,GT3,A,1,2,manager,civil_servant
吕建平,2022000119,114442200509279253,RUC,应用数学,F,19,R,GT3,A,0,2,doctor,civil_servant
周志华,2022000120,552275200201256402,RUC,计算机科学与技术,F,22,R,LE3,T,0,1,at_home,businessman
王梦琪,2022000121,420783200406135331,RUC,计算机科学与技术,M,20,R,LE3,T,3,2,doctor,accountant
林雨欣,2022000122,369210200404028698,RUC,计算机科学与技术,M,20,R,LE3,A,0,3,teacher,doctor
刘刚,2022000123,282825200410149685,RUC,大数据治理,F,20,U,GT3,T,3,2,doctor,engineer
张志文,2022000124,559780200408282627,RUC,计算机科学与技术,M,20,R,LE3,A,3,3,engineer,lawyer
萧明,2022000125,110321200504180238,RUC,人工智能,F,19,U,LE3,T,1,4,lawyer,at_home
赵建华,2022000126,460480200207125773,RUC,应用数学,M,22,U,GT3,A,0,4,doctor,accountant
沈浩天,2022000127,560348200302200216,RUC,大数据治理,M,21,U,LE3,A,1,2,self_employed,self_employed
梁欣悦,2022000128,500461200508206086,RUC,应用数学,M,19,U,LE3,A,4,1,engineer,teacher
孙强,2022000129,100720200508166606,RUC,大数据治理,F,19,R,GT3,T,3,3,doctor,doctor
董国华,2022000130,543619200507032149,RUC,计算机科学与技术,F,19,R,GT3,T,1,3,doctor,self_employed
傅梦璐,2022000131,448635200209123708,RUC,应用数学,M,22,R,LE3,T,4,3,worker,teacher
郑宇轩,2022000132,395423200209212998,RUC,计算机科学与技术,F,22,R,LE3,A,1,0,civil_servant,manager
杨磊,2022000133,457421200212257643,RUC,应用数学,F,22,R,LE3,A,1,0,teacher,civil_servant
谢浩天,2022000134,221076200307097946,RUC,大数据治理,F,21,U,GT3,A,2,3,accountant,engineer
陈欣欣,2022000135,572640200505018779,RUC,大数据治理,F,19,U,GT3,T,3,1,lawyer,manager
阎秀兰,2022000136,218579200401181869,RUC,计算机科学与技术,F,20,U,GT3,T,4,4,doctor,manager
孙洋,2022000137,166328200505088365,RUC,人工智能,M,19,R,GT3,T,2,4,civil_servant,at_home
袁芳,2022000138,572135200301155047,RUC,计算机科学与技术,M,21,R,LE3,T,0,4,at_home,accountant
谢国文,2022000139,188538200512172067,RUC,人工智能,M,19,R,GT3,T,3,3,at_home,civil_servant
贾子轩,2022000140,579908200404163610,RUC,应用数学,F,20,R,GT3,T,2,0,accountant,engineer
张梦涵,2022000141,585773200409062598,RUC,计算机科学与技术,M,20,R,LE3,T,2,3,lawyer,teacher
冯欣悦,2022000142,458195200508235667,RUC,计算机科学与技术,M,19,U,GT3,T,1,4,self_employed,civil_servant
杨欣悦,2022000143,108321200504051477,RUC,人工智能,M,19,U,GT3,A,2,0,doctor,manager
冯欣欣,2022000144,385032200409233513,RUC,人工智能,M,20,R,LE3,A,3,3,self_employed,manager
卢静,2022000145,464296200312025501,RUC,人工智能,F,21,R,LE3,T,4,0,at_home,teacher
萧欣欣,2022000146,531075200211274915,RUC,应用数学,M,22,U,LE3,A,4,2,worker,at_home
林娟,2022000147,143566200305097542,RUC,人工智能,F,21,R,LE3,T,4,0,engineer,civil_servant
宋志平,2022000148,478950200403193686,RUC,计算机科学与技术,F,20,R,GT3,A,2,1,worker,at_home
黄欣怡,2022000149,201833200509023509,RUC,应用数学,F,19,R,LE3,A,4,4,manager,manager
叶建平,2022000150,548996200503169019,RUC,计算机科学与技术,M,19,U,LE3,T,4,0,self_employed,accountant
蔡杰,2022000151,172784200305165503,RUC,应用数学,F,21,U,LE3,A,3,2,doctor,accountant
郭语晨,2022000152,553772200509150131,RUC,应用数学,M,19,U,LE3,A,0,4,at_home,civil_servant
刘志平,2022000153,222297200509080606,RUC,人工智能,F,19,R,GT3,T,1,2,doctor,manager
沈欣然,2022000154,257732200506026037,RUC,计算机科学与技术,M,19,U,GT3,T,3,1,self_employed,self_employed
袁浩宇,2022000155,436476200212157939,RUC,人工智能,M,22,R,GT3,T,3,0,engineer,teacher
魏磊,2022000156,104885200301089458,RUC,计算机科学与技术,M,21,U,GT3,T,0,4,manager,engineer
梁欣然,2022000157,181394200312227961,RUC,应用数学,F,21,U,GT3,A,2,4,businessman,at_home
胡云,2022000158,228247200312203481,RUC,人工智能,M,21,U,GT3,A,2,3,at_home,self_employed
高芳,2022000159,590084200208280347,RUC,应用数学,F,22,R,GT3,T,3,3,civil_servant,businessman
贾语涵,2022000160,324461200307041879,RUC,计算机科学与技术,M,21,U,LE3,A,3,0,at_home,businessman
邓静,2022000161,210361200307260727,RUC,应用数学,F,21,R,LE3,T,0,1,manager,engineer
阎欣诺,2022000162,568092200306144598,RUC,大数据治理,F,21,U,GT3,A,2,4,self_employed,manager
魏国文,2022000163,296826200210230745,RUC,大数据治理,M,22,R,GT3,A,2,3,manager,at_home
郭刚,2022000164,402672200201274412,RUC,大数据治理,F,22,R,GT3,T,1,4,at_home,doctor
傅国平,2022000165,322324200305022308,RUC,应用数学,F,21,R,LE3,T,3,4,civil_servant,businessman
谢梦琪,2022000166,553767200410249711,RUC,计算机科学与技术,F,20,U,LE3,T,3,2,lawyer,accountant
丁雨欣,2022000167,586544200407105355,RUC,大数据治理,F,20,R,LE3,A,0,3,businessman,self_employed
丁秀英,2022000168,280318200301201392,RUC,大数据治理,M,21,R,GT3,T,1,0,teacher,self_employed
梁国华,2022000169,156002200410274465,RUC,大数据治理,M,20,R,LE3,A,4,1,doctor,accountant
张雨涵,2022000170,274242200307015539,RUC,大数据治理,M,21,U,LE3,A,1,4,at_home,doctor
徐玲,2022000171,183128200506166414,RUC,计算机科学与技术,M,19,R,GT3,T,1,4,accountant,self_employed
叶雨轩,2022000172,131523200409114700,RUC,大数据治理,F,20,R,LE3,T,2,4,manager,lawyer
吴浩然,2022000173,579013200406142367,RUC,计算机科学与技术,M,20,U,GT3,A,4,0,civil_servant,doctor
卢欣诺,2022000174,398916200512184471,RUC,计算机科学与技术,M,19,R,GT3,A,3,3,at_home,manager
沈娜,2022000175,130088200310109273,RUC,应用数学,M,21,U,LE3,A,3,0,businessman,worker
蔡勇,2022000176,233851200304089929,RUC,人工智能,F,21,R,LE3,T,1,1,businessman,teacher
刘语涵,2022000177,442713200403194294,RUC,人工智能,F,20,U,LE3,A,2,1,at_home,teacher
蔡娟,2022000178,540384200509096383,RUC,大数据治理,M,19,R,GT3,A,0,3,civil_servant,lawyer
于文,2022000179,377081200503267433,RUC,计算机科学与技术,F,19,U,LE3,A,3,0,doctor,civil_servant
宋浩宇,2022000180,299574200304199620,RUC,大数据治理,M,21,U,LE3,A,0,1,lawyer,worker
曾欣慧,2022000181,181284200504245266,RUC,大数据治理,F,19,U,GT3,A,0,3,doctor,doctor
陈梦涵,2022000182,264355200512057775,RUC,计算机科学与技术,F,19,U,GT3,A,0,0,engineer,engineer
蒋文,2022000183,406974200202206183,RUC,应用数学,M,22,U,GT3,T,0,3,civil_servant,teacher
叶桂兰,2022000184,272687200507152683,RUC,应用数学,M,19,R,LE3,A,0,1,worker,self_employed
陈磊,2022000185,432226200207072891,RUC,应用数学,F,22,R,GT3,T,4,3,businessman,worker
萧欣慧,2022000186,343471200310083426,RUC,计算机科学与技术,M,21,U,LE3,A,0,4,self_employed,lawyer
冯芳,2022000187,132929200208088014,RUC,应用数学,F,22,U,LE3,A,4,1,businessman,manager
阎梦琪,2022000188,149817200402042217,RUC,人工智能,F,20,R,LE3,T,2,0,self_employed,self_employed
徐涛,2022000189,551173200404077395,RUC,计算机科学与技术,M,20,U,GT3,T,1,1,manager,accountant
蒋霞,2022000190,169714200307271096,RUC,人工智能,F,21,R,GT3,T,0,2,teacher,at_home
周娜,2022000191,598445200509064942,RUC,大数据治理,F,19,U,GT3,T,3,1,lawyer,at_home
袁国华,2022000192,570290200405043226,RUC,应用数学,M,20,U,LE3,T,3,3,businessman,manager
朱建国,2022000193,529753200209051185,RUC,计算机科学与技术,F,22,R,LE3,A,4,0,worker,worker
叶雨泽,2022000194,340016200405011855,RUC,计算机科学与技术,F,20,U,GT3,T,4,0,engineer,accountant
萧国强,2022000195,396387200401236919,RUC,应用数学,F,20,R,LE3,T,1,4,worker,doctor
曾芬,2022000196,220084200502188428,RUC,应用数学,F,19,U,GT3,A,1,2,worker,teacher
蔡建华,2022000197,413627200411185672,RUC,大数据治理,M,20,U,LE3,T,2,0,at_home,doctor
卢浩宇,2022000198,552776200507129134,RUC,应用数学,M,19,U,LE3,A,0,3,worker,lawyer
董国平,2022000199,148979200303219294,RUC,大数据治理,F,21,U,GT3,T,0,2,accountant,civil_servant
吴敏,2022000200,234691200504251085,RUC,大数据治理,F,19,R,LE3,T,4,2,lawyer,teacher
吴子豪,2022000201,533156200402206265,RUC,大数据治理,F,20,R,LE3,A,2,1,accountant,teacher
魏欣欣,2022000202,344962200202042413,RUC,人工智能,F,22,R,LE3,T,0,4,civil_servant,lawyer
曾国强,2022000203,515379200301078789,RUC,计算机科学与技术,M,21,U,LE3,A,3,0,engineer,self_employed
唐欣慧,2022000204,210505200407251457,RUC,应用数学,F,20,U,GT3,A,3,0,businessman,lawyer
程超,2022000205,501052200407154693,RUC,应用数学,F,20,R,GT3,T,4,2,engineer,at_home
周军,2022000206,468946200207149945,RUC,应用数学,M,22,U,GT3,T,0,0,manager,at_home
冯子轩,2022000207,479654200306131953,RUC,人工智能,F,21,U,GT3,T,4,2,businessman,self_employed
曹志文,2022000208,535380200410030088,RUC,应用数学,F,20,U,GT3,A,1,4,civil_servant,worker
高梦婷,2022000209,103934200211138424,RUC,人工智能,M,22,R,LE3,A,1,3,engineer,self_employed
傅欣悦,2022000210,536864200503273569,RUC,计算机科学与技术,M,19,R,GT3,T,2,4,civil_servant,self_employed
宋雨晴,2022000211,105076200412038001,RUC,大数据治理,M,20,R,LE3,A,2,4,lawyer,manager
曾桂兰,2022000212,533952200411087423,RUC,计算机科学与技术,F,20,U,GT3,T,1,3,self_employed,doctor
程欣诺,2022000213,565744200402067580,RUC,计算机科学与技术,F,20,R,LE3,T,4,3,at_home,civil_servant
叶军,2022000214,572086200204277350,RUC,大数据治理,M,22,R,GT3,T,3,2,teacher,businessman
程子豪,2022000215,356969200402259369,RUC,人工智能,M,20,U,LE3,T,0,4,civil_servant,accountant
袁建平,2022000216,131487200404231605,RUC,应用数学,M,20,U,LE3,T,0,0,engineer,teacher
阎涛,2022000217,547662200403181028,RUC,计算机科学与技术,F,20,R,LE3,A,4,1,manager,worker
郭志文,2022000218,168153200412111648,RUC,人工智能,F,20,U,LE3,A,1,1,self_employed,businessman
胡建华,2022000219,593569200304222787,RUC,应用数学,M,21,R,LE3,A,0,3,lawyer,accountant
于雨欣,2022000220,215354200411040511,RUC,人工智能,M,20,R,LE3,T,3,1,self_employed,at_home
彭志国,2022000221,132414200201170727,RUC,计算机科学与技术,M,22,R,LE3,A,1,1,businessman,worker
薛雨晴,2022000222,230889200301015620,RUC,应用数学,M,21,U,GT3,A,3,1,civil_servant,self_employed
孙语蝶,2022000223,315030200206027734,RUC,大数据治理,F,22,R,LE3,A,2,1,manager,engineer
何子豪,2022000224,241696200308193458,RUC,大数据治理,F,21,U,LE3,A,1,4,lawyer,at_home
孙国强,2022000225,588275200512124472,RUC,大数据治理,F,19,R,LE3,T,2,0,self_employed,worker
谢国强,2022000226,356035200202222161,RUC,人工智能,M,22,U,LE3,A,0,1,businessman,lawyer
吕欣怡,2022000227,586385200503049527,RUC,人工智能,F,19,R,GT3,A,4,0,civil_servant,worker
吴梦婷,2022000228,235611200203118576,RUC,计算机科学与技术,M,22,R,GT3,A,4,2,engineer,civil_servant
薛建华,2022000229,578163200204091147,RUC,大数据治理,M,22,U,GT3,A,2,0,self_employed,doctor
蔡磊,2022000230,217066200307149082,RUC,计算机科学与技术,M,21,R,GT3,A,2,4,engineer,engineer
韩玲,2022000231,584628200303102224,RUC,人工智能,F,21,R,LE3,A,2,4,at_home,civil_servant
王志文,2022000232,141922200509202897,RUC,计算机科学与技术,M,19,U,LE3,T,4,0,worker,self_employed
林浩宇,2022000233,245298200510022266,RUC,应用数学,M,19,R,LE3,T,4,1,engineer,civil_servant
吴建军,2022000234,171939200404192131,RUC,人工智能,M,20,R,LE3,A,3,0,manager,teacher
贾霞,2022000235,109207200203080902,RUC,人工智能,M,22,U,LE3,T,0,1,businessman,at_home
李洋,2022000236,453288200512063688,RUC,计算机科学与技术,F,19,U,GT3,A,0,0,manager,businessman
郭丽,2022000237,564193200303250695,RUC,应用数学,M,21,R,GT3,T,1,2,engineer,at_home
卢桂兰,2022000238,470285200501212646,RUC,应用数学,F,19,U,GT3,T,3,2,worker,businessman
马梦婷,2022000239,350864200404067851,RUC,应用数学,F,20,U,LE3,T,1,3,civil_servant,doctor
阎文,2022000240,511841200306084569,RUC,应用数学,M,21,U,GT3,T,3,3,self_employed,at_home
孙宇轩,2022000241,375286200504264728,RUC,大数据治理,F,19,U,GT3,T,4,0,worker,lawyer
袁雨轩,2022000242,168731200309178415,RUC,人工智能,M,21,R,GT3,T,4,2,manager,self_employed
薛欣宜,2022000243,187855200202210656,RUC,应用数学,M,22,R,GT3,T,0,2,lawyer,civil_servant
叶语蝶,2022000244,424386200207025214,RUC,大数据治理,M,22,U,LE3,A,1,3,teacher,lawyer
萧建华,2022000245,313246200504203204,RUC,应用数学,M,19,U,LE3,A,1,2,manager,self_employed
赵静,2022000246,351835200205119385,RUC,应用数学,M,22,R,GT3,T,1,1,manager,civil_servant
林刚,2022000247,246145200505277181,RUC,应用数学,M,19,U,GT3,A,3,2,businessman,worker
宋志文,2022000248,487666200509097592,RUC,人工智能,M,19,U,GT3,T,4,4,teacher,civil_servant
高子豪,2022000249,445556200202250005,RUC,大数据治理,M,22,R,LE3,T,3,0,lawyer,accountant
郭欣然,2022000250,223336200308189167,RUC,人工智能,F,21,R,LE3,A,2,4,self_employed,at_home
罗文,2022000251,597405200507072505,RUC,人工智能,F,19,R,LE3,T,1,3,engineer,teacher
贾欣然,2022000252,140117200506072999,RUC,人工智能,M,19,U,LE3,A,2,1,doctor,at_home
蔡玲,2022000253,530408200409053562,RUC,大数据治理,F,20,R,LE3,T,4,3,at_home,engineer
李雨泽,2022000254,368427200307124620,RUC,应用数学,M,21,R,GT3,T,4,2,businessman,manager
胡明,2022000255,225210200303190337,RUC,大数据治理,F,21,R,LE3,T,1,0,accountant,doctor
高建华,2022000256,379660200309257616,RUC,应用数学,M,21,U,LE3,T,3,1,lawyer,at_home
唐国强,2022000257,261468200311035668,RUC,人工智能,M,21,R,LE3,A,0,4,civil_servant,worker
许军,2022000258,565166200304108823,RUC,大数据治理,M,21,U,LE3,A,3,3,doctor,lawyer
曹梦茜,2022000259,169422200309010597,RUC,人工智能,M,21,U,GT3,T,4,0,lawyer,businessman
徐欣慧,2022000260,122955200303170689,RUC,人工智能,M,21,U,LE3,A,4,2,lawyer,worker
沈雨晴,2022000261,447438200310204975,RUC,大数据治理,F,21,R,GT3,A,3,3,at_home,doctor
丁杰,2022000262,275098200412202111,RUC,应用数学,F,20,R,LE3,T,4,1,lawyer,accountant
杨超,2022000263,324141200310232024,RUC,应用数学,F,21,U,LE3,A,1,2,manager,engineer
赵欣慧,2022000264,585766200207115801,RUC,人工智能,F,22,R,GT3,T,2,0,self_employed,engineer
许子轩,2022000265,384112200304231926,RUC,大数据治理,F,21,R,GT3,A,4,3,engineer,worker
邓欣慧,2022000266,473332200410025654,RUC,应用数学,F,20,R,LE3,T,0,4,manager,accountant
朱国庆,2022000267,154998200210221413,RUC,计算机科学与技术,F,22,U,GT3,T,1,0,businessman,civil_servant
李桂英,2022000268,289924200410059817,RUC,应用数学,F,20,R,GT3,T,2,2,businessman,manager
曾玲,2022000269,441029200404028465,RUC,应用数学,M,20,U,LE3,T,4,0,doctor,doctor
李语蝶,2022000270,344282200408101521,RUC,计算机科学与技术,M,20,U,LE3,A,1,3,engineer,at_home
贾涛,2022000271,343163200508141772,RUC,计算机科学与技术,M,19,U,GT3,T,0,0,civil_servant,at_home
刘丽,2022000272,280224200209283054,RUC,应用数学,F,22,U,LE3,A,4,1,at_home,engineer
郑梦璐,2022000273,413346200210220820,RUC,人工智能,M,22,U,GT3,T,2,3,at_home,civil_servant
阎国华,2022000274,580740200308271566,RUC,应用数学,M,21,U,LE3,T,4,2,teacher,doctor
蔡国强,2022000275,450257200305031062,RUC,应用数学,F,21,U,GT3,T,2,0,manager,at_home
邓国华,2022000276,504073200502188529,RUC,大数据治理,F,19,U,LE3,T,4,1,businessman,self_employed
阎云,2022000277,226872200411077002,RUC,大数据治理,M,20,R,GT3,A,0,1,doctor,teacher
萧志文,2022000278,132318200402017266,RUC,大数据治理,M,20,U,GT3,T,1,3,teacher,teacher
于子豪,2022000279,381133200512025441,RUC,应用数学,F,19,U,GT3,A,4,1,accountant,manager
李雨晴,2022000280,338220200305068047,RUC,人工智能,F,21,U,LE3,T,3,2,civil_servant,accountant
袁艳,2022000281,367557200305049142,RUC,计算机科学与技术,M,21,R,LE3,A,0,4,at_home,civil_servant
陈艳,2022000282,374704200508158026,RUC,计算机科学与技术,F,19,U,LE3,A,3,4,lawyer,lawyer
黄芳,2022000283,295077200301271923,RUC,应用数学,M,21,R,LE3,A,2,3,teacher,accountant
冯梦琪,2022000284,470119200305288021,RUC,计算机科学与技术,M,21,R,LE3,T,3,3,lawyer,doctor
蒋刚,2022000285,252381200510078451,RUC,大数据治理,M,19,U,GT3,T,4,2,manager,teacher
蔡梦琪,2022000286,228010200402032091,RUC,人工智能,F,20,R,GT3,T,4,3,self_employed,doctor
曾浩然,2022000287,548277200403201347,RUC,计算机科学与技术,M,20,R,GT3,T,1,2,teacher,accountant
曾国平,2022000288,398274200509228949,RUC,大数据治理,F,19,U,LE3,A,2,2,doctor,businessman
黄平,2022000289,312881200503154857,RUC,应用数学,M,19,R,GT3,T,3,4,manager,accountant
董语涵,2022000290,454421200409252758,RUC,计算机科学与技术,F,20,U,LE3,T,1,4,doctor,businessman
杨梦璐,2022000291,259382200409207430,RUC,大数据治理,M,20,U,GT3,A,1,2,doctor,manager
许志强,2022000292,530120200204264739,RUC,大数据治理,F,22,R,LE3,A,3,3,worker,worker
薛浩宇,2022000293,301586200403130805,RUC,人工智能,M,20,U,GT3,T,0,4,worker,businessman
彭伟,2022000294,303477200207135853,RUC,应用数学,M,22,U,LE3,A,3,4,doctor,lawyer
李平,2022000295,163736200506234497,RUC,计算机科学与技术,M,19,U,GT3,A,1,4,manager,engineer
沈勇,2022000296,589476200305188583,RUC,计算机科学与技术,F,21,U,GT3,T,1,1,at_home,civil_servant
王建华,2022000297,212763200310220648,RUC,大数据治理,F,21,U,GT3,A,4,4,worker,self_employed
袁欣然,2022000298,344746200501172936,RUC,人工智能,M,19,U,LE3,A,4,3,engineer,businessman
朱静,2022000299,497342200512237595,RUC,大数据治理,M,19,U,LE3,A,2,2,engineer,accountant
邓娟,2022000300,178430200209168483,RUC,应用数学,F,22,U,LE3,A,1,0,self_employed,self_employed
丁语晨,2022000301,104036200310147039,RUC,大数据治理,M,21,R,LE3,T,1,2,worker,worker
徐勇,2022000302,534723200303043501,RUC,大数据治理,F,21,U,GT3,A,2,1,self_employed,civil_servant
张欣欣,2022000303,146861200302132255,RUC,人工智能,F,21,R,LE3,T,0,2,doctor,businessman
吴刚,2022000304,289389200203197429,RUC,应用数学,M,22,U,LE3,T,3,0,doctor,self_employed
魏丽,2022000305,595164200207286328,RUC,计算机科学与技术,F,22,R,LE3,T,1,4,businessman,at_home
于军,2022000306,256235200307196485,RUC,人工智能,F,21,R,LE3,A,3,2,at_home,civil_servant
萧国庆,2022000307,524858200502226878,RUC,应用数学,M,19,U,GT3,A,3,1,civil_servant,engineer
王宇轩,2022000308,421896200402272176,RUC,人工智能,M,20,U,GT3,T,2,0,teacher,self_employed
吕国庆,2022000309,153567200304242920,RUC,计算机科学与技术,F,21,R,GT3,A,1,1,self_employed,worker
吴涛,2022000310,552791200503183638,RUC,人工智能,M,19,U,LE3,T,4,3,civil_servant,civil_servant
高浩宇,2022000311,538265200301078938,RUC,人工智能,M,21,R,GT3,A,1,4,self_employed,engineer
韩洋,2022000312,581068200304210512,RUC,大数据治理,M,21,R,LE3,A,2,4,civil_servant,engineer
韩宇轩,2022000313,526297200402210012,RUC,大数据治理,M,20,R,GT3,T,3,3,manager,accountant
傅浩轩,2022000314,450122200410211628,RUC,人工智能,F,20,R,LE3,T,3,2,engineer,self_employed
王桂英,2022000315,500799200405049087,RUC,应用数学,F,20,U,GT3,T,3,0,doctor,worker
董志平,2022000316,426312200503046890,RUC,应用数学,M,19,R,GT3,T,1,4,civil_servant,accountant
何洋,2022000317,216607200510043131,RUC,大数据治理,F,19,R,LE3,T,1,2,self_employed,worker
叶芬,2022000318,477272200201242079,RUC,大数据治理,M,22,R,LE3,T,2,1,self_employed,doctor
卢欣然,2022000319,259015200408092694,RUC,应用数学,F,20,U,LE3,T,3,2,worker,lawyer
蔡云,2022000320,335985200312247523,RUC,人工智能,F,21,U,GT3,T,4,1,doctor,teacher
谢军,2022000321,116397200202275477,RUC,应用数学,F,22,U,LE3,A,3,4,engineer,doctor
沈雨轩,2022000322,285918200303031128,RUC,应用数学,M,21,U,LE3,T,3,2,civil_servant,businessman
蒋国强,2022000323,101683200311285887,RUC,计算机科学与技术,M,21,U,LE3,A,0,0,businessman,engineer
丁雨泽,2022000324,226101200503241981,RUC,人工智能,M,19,R,GT3,A,2,1,accountant,teacher
谢欣诺,2022000325,312885200311087530,RUC,应用数学,M,21,R,LE3,T,1,2,at_home,at_home
邓建华,2022000326,421302200203180860,RUC,应用数学,F,22,R,GT3,A,3,4,civil_servant,businessman
曹建平,2022000327,234765200202173261,RUC,计算机科学与技术,M,22,U,LE3,A,3,3,civil_servant,manager
王平,2022000328,242406200401188099,RUC,人工智能,M,20,U,GT3,T,1,4,engineer,self_employed
郭艳,2022000329,388056200305171881,RUC,应用数学,F,21,U,GT3,T,0,3,at_home,businessman
叶梦璐,2022000330,497720200405275773,RUC,计算机科学与技术,F,20,U,LE3,T,2,3,worker,at_home
罗浩宇,2022000331,383915200503049816,RUC,人工智能,F,19,R,LE3,A,0,1,at_home,worker
贾敏,2022000332,593239200410246718,RUC,大数据治理,F,20,R,LE3,A,2,0,at_home,engineer
郭芳,2022000333,430831200212236676,RUC,应用数学,M,22,R,GT3,A,4,0,lawyer,accountant
彭语涵,2022000334,599238200311203706,RUC,人工智能,F,21,R,GT3,A,2,3,at_home,lawyer
杨玲,2022000335,127660200308019483,RUC,应用数学,F,21,U,GT3,T,1,2,teacher,engineer
赵建军,2022000336,501649200510200931,RUC,大数据治理,F,19,U,GT3,T,0,1,businessman,doctor
于梦涵,2022000337,550054200407258768,RUC,大数据治理,F,20,U,GT3,A,4,0,worker,worker
阎芬,2022000338,432822200211092662,RUC,大数据治理,M,22,U,LE3,T,3,1,accountant,teacher
马超,2022000339,138586200411217809,RUC,应用数学,F,20,U,GT3,A,4,1,teacher,worker
傅建华,2022000340,551227200311116861,RUC,大数据治理,F,21,U,GT3,T,0,1,teacher,accountant
蒋娜,2022000341,304350200411093702,RUC,大数据治理,M,20,R,LE3,T,4,2,manager,doctor
蒋云,2022000342,123828200207184755,RUC,大数据治理,M,22,R,GT3,T,4,0,businessman,worker
许平,2022000343,370427200202201386,RUC,大数据治理,M,22,R,GT3,A,2,0,lawyer,self_employed
宋语涵,2022000344,248680200410044855,RUC,计算机科学与技术,F,20,U,LE3,T,4,3,at_home,lawyer
杨欣诺,2022000345,110460200203261247,RUC,人工智能,M,22,U,LE3,A,4,0,lawyer,accountant
叶芳,2022000346,421936200406176696,RUC,大数据治理,F,20,U,LE3,T,1,3,businessman,businessman
蒋志国,2022000347,556790200303239278,RUC,大数据治理,F,21,U,GT3,T,4,3,at_home,at_home
程秀兰,2022000348,211549200506131752,RUC,计算机科学与技术,F,19,R,LE3,A,4,4,engineer,manager
卢桂英,2022000349,568911200510137385,RUC,计算机科学与技术,F,19,U,LE3,A,0,2,self_employed,teacher
梁刚,2022000350,143974200403174970,RUC,计算机科学与技术,F,20,U,GT3,A,4,4,worker,civil_servant
陈芳,2022000351,514270200402262035,RUC,大数据治理,M,20,R,LE3,T,4,3,lawyer,civil_servant
冯梦璐,2022000352,432440200512237059,RUC,大数据治理,F,19,U,LE3,A,2,4,worker,doctor
程语蝶,2022000353,435535200307027347,RUC,人工智能,M,21,R,LE3,T,2,1,self_employed,self_employed
黄浩宇,2022000354,347748200211123398,RUC,人工智能,M,22,R,GT3,T,3,2,doctor,doctor
唐志国,2022000355,536311200501012858,RUC,人工智能,M,19,R,LE3,T,0,3,at_home,businessman
曹明,2022000356,228339200408183844,RUC,人工智能,M,20,U,GT3,A,0,2,at_home,worker
唐梦璐,2022000357,237958200312124487,RUC,大数据治理,M,21,R,LE3,T,0,0,doctor,civil_servant
黄秀兰,2022000358,128950200309242217,RUC,计算机科学与技术,F,21,R,GT3,A,4,4,businessman,at_home
傅芬,2022000359,120351200409159444,RUC,人工智能,M,20,U,GT3,A,2,4,accountant,lawyer
许建国,2022000360,392143200212179661,RUC,人工智能,F,22,R,LE3,T,3,2,civil_servant,doctor
邓国平,2022000361,472420200401075223,RUC,人工智能,F,20,R,LE3,A,1,0,worker,engineer
阎梦璐,2022000362,344303200211240062,RUC,人工智能,F,22,U,GT3,T,2,2,businessman,manager
孙建华,2022000363,507500200312023082,RUC,计算机科学与技术,F,21,U,LE3,T,0,3,civil_servant,engineer
马欣欣,2022000364,595531200508027207,RUC,人工智能,F,19,U,LE3,A,1,4,manager,businessman
罗建华,2022000365,328323200410185093,RUC,计算机科学与技术,M,20,U,GT3,T,3,1,at_home,manager
董敏,2022000366,189020200306043101,RUC,应用数学,M,21,R,GT3,T,1,2,civil_servant,engineer
梁欣慧,2022000367,520041200306232692,RUC,人工智能,M,21,U,GT3,A,0,4,doctor,doctor
沈语蝶,2022000368,462844200510069528,RUC,应用数学,M,19,R,GT3,T,4,0,lawyer,self_employed
罗玲,2022000369,239219200401045975,RUC,计算机科学与技术,F,20,U,LE3,T,1,0,lawyer,teacher
周刚,2022000370,138626200504175719,RUC,应用数学,M,19,R,LE3,T,2,2,engineer,businessman
刘云,2022000371,290875200305144748,RUC,计算机科学与技术,F,21,U,GT3,T,1,2,accountant,engineer
唐秀英,2022000372,520448200402155967,RUC,大数据治理,F,20,U,GT3,A,4,3,manager,self_employed
魏梦茜,2022000373,319058200311204982,RUC,计算机科学与技术,F,21,R,GT3,A,2,0,worker,lawyer
冯建国,2022000374,332750200406261352,RUC,计算机科学与技术,F,20,U,GT3,A,1,0,self_employed,at_home
朱国华,2022000375,291620200407028432,RUC,大数据治理,F,20,R,LE3,T,4,4,civil_servant,engineer
董梦璐,2022000376,276319200402139613,RUC,应用数学,M,20,U,LE3,T,1,1,manager,worker
谢语涵,2022000377,153541200210121121,RUC,计算机科学与技术,M,22,U,GT3,A,3,0,engineer,doctor
萧平,2022000378,523984200501161982,RUC,人工智能,F,19,U,GT3,T,4,2,lawyer,engineer
曾欣怡,2022000379,137971200401247831,RUC,应用数学,M,20,R,LE3,A,4,1,teacher,doctor
孙雨涵,2022000380,553170200408030071,RUC,计算机科学与技术,M,20,U,LE3,T,2,0,lawyer,worker
邓欣悦,2022000381,426857200505208864,RUC,应用数学,F,19,R,GT3,A,2,2,at_home,doctor
赵雨晴,2022000382,199128200406071794,RUC,计算机科学与技术,M,20,R,GT3,A,2,1,self_employed,worker
魏梦涵,2022000383,334737200209189044,RUC,大数据治理,M,22,R,GT3,A,1,1,engineer,lawyer
林梦璐,2022000384,138049200201078642,RUC,计算机科学与技术,F,22,R,GT3,A,1,0,civil_servant,engineer
马静,2022000385,533458200405259835,RUC,计算机科学与技术,F,20,R,GT3,T,3,4,doctor,teacher
梁敏,2022000386,157881200206011161,RUC,人工智能,F,22,U,GT3,A,2,0,self_employed,businessman
曹玲,2022000387,542129200412117908,RUC,大数据治理,F,20,U,LE3,A,2,2,lawyer,lawyer
吕志国,2022000388,504669200401070217,RUC,应用数学,M,20,R,GT3,A,0,2,lawyer,manager
卢明,2022000389,238618200205228806,RUC,人工智能,F,22,R,GT3,T,3,1,lawyer,teacher
蒋欣宜,2022000390,485767200411102554,RUC,人工智能,F,20,R,GT3,T,4,1,businessman,at_home
胡雨涵,2022000391,387189200405039135,RUC,应用数学,M,20,R,LE3,T,1,2,manager,businessman
韩梦琪,2022000392,200614200207089437,RUC,大数据治理,F,22,R,LE3,A,1,3,doctor,civil_servant
刘国平,2022000393,384378200311080221,RUC,大数据治理,M,21,R,GT3,T,1,4,manager,self_employed
赵强,2022000394,494279200511214595,RUC,计算机科学与技术,F,19,R,LE3,T,4,0,businessman,worker
薛雨泽,2022000395,203307200306196228,RUC,人工智能,M,21,U,LE3,T,3,2,civil_servant,manager
曹丽,2022000396,430078200205082575,RUC,大数据治理,F,22,U,LE3,T,4,1,lawyer,civil_servant
孙浩然,2022000397,588194200409268474,RUC,大数据治理,M,20,U,GT3,T,0,3,civil_servant,engineer
梁秀兰,2022000398,252572200311134041,RUC,大数据治理,F,21,R,GT3,T,0,0,accountant,accountant
彭秀兰,2022000399,499918200509102783,RUC,应用数学,F,19,U,GT3,A,1,2,civil_servant,manager
王欣悦,2022000400,517145200408234011,RUC,人工智能,M,20,U,LE3,T,2,1,businessman,civil_servant
赵伟,2022000401,532352200401275494,RUC,计算机科学与技术,M,20,R,GT3,A,3,3,engineer,lawyer
贾娜,2022000402,498074200308142302,RUC,计算机科学与技术,F,21,R,GT3,T,3,2,manager,civil_servant
薛娟,2022000403,120942200211081725,RUC,计算机科学与技术,M,22,U,GT3,T,0,0,engineer,businessman
郭秀英,2022000404,341187200203028401,RUC,大数据治理,M,22,U,GT3,A,3,0,worker,teacher
曹涛,2022000405,176312200508168620,RUC,计算机科学与技术,F,19,U,LE3,T,1,0,lawyer,engineer
薛语涵,2022000406,530189200512221589,RUC,人工智能,M,19,R,LE3,A,0,1,worker,teacher
吕超,2022000407,121310200408219679,RUC,大数据治理,F,20,R,GT3,A,0,4,manager,businessman
蔡国文,2022000408,358292200208164933,RUC,大数据治理,M,22,R,LE3,T,3,3,self_employed,manager
彭浩宇,2022000409,173562200410219430,RUC,大数据治理,M,20,U,LE3,A,0,0,lawyer,engineer
吕芳,2022000410,581823200508126524,RUC,人工智能,F,19,U,GT3,T,0,0,at_home,businessman
魏语蝶,2022000411,110905200502238832,RUC,计算机科学与技术,M,19,R,GT3,T,2,0,self_employed,civil_servant
苏志华,2022000412,482655200406210534,RUC,计算机科学与技术,F,20,U,GT3,A,2,3,lawyer,accountant
何建平,2022000413,581130200309164222,RUC,人工智能,F,21,U,GT3,T,3,0,self_employed,accountant
董强,2022000414,361380200407218059,RUC,人工智能,F,20,R,GT3,T,1,0,doctor,manager
魏超,2022000415,195698200306165946,RUC,人工智能,M,21,U,GT3,T,4,0,worker,civil_servant
许丽,2022000416,281547200406122429,RUC,人工智能,M,20,U,GT3,T,0,4,worker,engineer
王志华,2022000417,314919200202245448,RUC,应用数学,F,22,U,LE3,T,1,3,civil_servant,engineer
董欣宜,2022000418,138440200206286192,RUC,大数据治理,M,22,R,LE3,A,1,1,lawyer,doctor
丁宇轩,2022000419,550833200505253421,RUC,应用数学,M,19,U,GT3,T,1,0,lawyer,lawyer
蔡文,2022000420,566405200505086373,RUC,大数据治理,F,19,U,GT3,A,1,3,lawyer,doctor
彭志文,2022000421,366443200511027504,RUC,大数据治理,M,19,U,LE3,A,4,0,worker,civil_servant
冯涛,2022000422,572368200202275791,RUC,人工智能,M,22,U,GT3,A,3,2,teacher,civil_servant
魏伟,2022000423,349511200407109218,RUC,应用数学,M,20,U,GT3,T,3,4,teacher,teacher
梁欣欣,2022000424,111759200304121498,RUC,人工智能,F,21,U,LE3,T,2,4,self_employed,civil_servant
林志强,2022000425,159172200506224936,RUC,人工智能,F,19,R,GT3,A,3,4,at_home,self_employed
蒋欣慧,2022000426,584605200312179158,RUC,人工智能,F,21,R,LE3,A,0,2,businessman,teacher
胡秀兰,2022000427,540923200212175847,RUC,大数据治理,F,22,U,GT3,A,0,4,doctor,manager
高欣诺,2022000428,548857200308236344,RUC,大数据治理,M,21,U,LE3,A,4,1,businessman,accountant
魏语晨,2022000429,425025200501016455,RUC,应用数学,F,19,U,GT3,A,4,1,teacher,doctor
朱梦婷,2022000430,176951200211204721,RUC,人工智能,M,22,U,LE3,T,2,4,doctor,manager
蔡秀英,2022000431,266020200312231394,RUC,大数据治理,F,21,R,GT3,A,2,3,manager,manager
赵建平,2022000432,144180200210105898,RUC,计算机科学与技术,F,22,R,GT3,T,3,0,accountant,teacher
程雨涵,2022000433,388646200501231364,RUC,计算机科学与技术,F,19,R,GT3,A,2,2,engineer,teacher
胡雨轩,2022000434,490324200511013068,RUC,大数据治理,F,19,U,GT3,T,0,4,manager,manager
沈梦璐,2022000435,533956200312176959,RUC,人工智能,F,21,R,LE3,A,2,4,businessman,doctor
袁伟,2022000436,123016200309203767,RUC,计算机科学与技术,M,21,U,LE3,A,0,0,doctor,accountant
沈秀英,2022000437,350818200509132277,RUC,计算机科学与技术,F,19,R,GT3,T,3,3,manager,engineer
林欣悦,2022000438,269651200509218157,RUC,应用数学,F,19,U,LE3,A,4,2,self_employed,engineer
韩梦茜,2022000439,201428200204098760,RUC,大数据治理,M,22,R,GT3,T,2,2,self_employed,worker
蔡子豪,2022000440,118270200409053801,RUC,计算机科学与技术,M,20,R,LE3,A,3,2,civil_servant,teacher
林霞,2022000441,521217200310175267,RUC,计算机科学与技术,M,21,U,GT3,A,0,3,teacher,teacher
胡浩然,2022000442,588675200204098195,RUC,应用数学,F,22,U,LE3,T,0,0,businessman,worker
苏雨泽,2022000443,399340200508114274,RUC,计算机科学与技术,F,19,U,GT3,A,4,2,self_employed,worker
胡语蝶,2022000444,304293200202065781,RUC,人工智能,M,22,R,LE3,A,4,2,businessman,businessman
蒋梦涵,2022000445,470593200507029449,RUC,大数据治理,M,19,R,LE3,A,2,0,engineer,lawyer
萧语晨,2022000446,480633200212043112,RUC,人工智能,M,22,U,LE3,A,0,0,businessman,at_home
叶志平,2022000447,319882200411097932,RUC,大数据治理,F,20,U,GT3,T,2,1,doctor,civil_servant
郑子轩,2022000448,240749200401221580,RUC,应用数学,F,20,U,GT3,T,2,0,businessman,manager
孙超,2022000449,277511200311138674,RUC,应用数学,M,21,R,GT3,T,2,0,teacher,doctor
于欣宜,2022000450,480142200503207649,RUC,人工智能,M,19,U,LE3,A,1,1,businessman,lawyer
刘建军,2022000451,127383200511102583,RUC,应用数学,F,19,U,LE3,T,3,0,engineer,engineer
吕磊,2022000452,214508200503158168,RUC,人工智能,M,19,R,LE3,A,4,3,self_employed,at_home
刘文,2022000453,545059200208250207,RUC,应用数学,F,22,R,GT3,A,4,1,lawyer,engineer
罗芬,2022000454,335489200508248278,RUC,人工智能,M,19,R,GT3,T,4,1,doctor,businessman
胡志文,2022000455,452981200209169154,RUC,人工智能,F,22,U,LE3,A,2,0,worker,accountant
孙芬,2022000456,106437200405132731,RUC,应用数学,M,20,U,GT3,T,3,3,accountant,engineer
阎建华,2022000457,239864200502057421,RUC,计算机科学与技术,M,19,U,LE3,A,0,2,doctor,businessman
吕建国,2022000458,133970200210035761,RUC,大数据治理,F,22,R,GT3,A,1,3,worker,doctor
谢娟,2022000459,477511200310109465,RUC,计算机科学与技术,M,21,U,LE3,A,3,3,self_employed,businessman
蔡语涵,2022000460,411038200301135001,RUC,人工智能,M,21,R,LE3,T,1,4,businessman,engineer
于敏,2022000461,410302200212069299,RUC,大数据治理,M,22,R,LE3,T,1,0,businessman,accountant
曹浩然,2022000462,161940200207092774,RUC,计算机科学与技术,M,22,R,LE3,T,1,2,doctor,engineer
马雨晴,2022000463,542451200408126581,RUC,人工智能,F,20,U,LE3,T,4,1,accountant,at_home
卢建平,2022000464,392115200405249907,RUC,应用数学,F,20,U,LE3,A,1,0,lawyer,accountant
曹语涵,2022000465,100438200402173002,RUC,大数据治理,F,20,U,GT3,A,4,0,worker,civil_servant
韩志华,2022000466,481039200205164704,RUC,人工智能,M,22,R,LE3,T,2,3,businessman,manager
阎欣悦,2022000467,384176200410200329,RUC,应用数学,F,20,R,LE3,T,4,0,worker,doctor
吕云,2022000468,573027200407036210,RUC,应用数学,M,20,U,LE3,A,4,4,manager,engineer
董子轩,2022000469,404401200304109939,RUC,应用数学,M,21,U,LE3,A,3,4,manager,lawyer
郭平,2022000470,530198200212285108,RUC,应用数学,F,22,U,LE3,T,2,2,teacher,businessman
蒋建军,2022000471,438101200303256277,RUC,大数据治理,F,21,U,LE3,A,4,3,accountant,engineer
罗雨涵,2022000472,364727200308071630,RUC,大数据治理,F,21,R,GT3,T,1,0,teacher,engineer
朱浩然,2022000473,105243200502137885,RUC,人工智能,M,19,R,LE3,T,3,3,engineer,doctor
邓志华,2022000474,579118200503048080,RUC,人工智能,F,19,R,GT3,T,2,0,businessman,doctor
蔡涛,2022000475,588501200501190237,RUC,人工智能,F,19,U,GT3,A,1,0,teacher,doctor
蒋国文,2022000476,486989200312142311,RUC,大数据治理,M,21,U,LE3,T,2,4,manager,at_home
宋雨欣,2022000477,293507200305195733,RUC,应用数学,M,21,R,GT3,A,1,1,at_home,doctor
唐欣悦,2022000478,204667200406146622,RUC,计算机科学与技术,M,20,R,GT3,A,4,4,at_home,accountant
曹云,2022000479,121979200208092883,RUC,人工智能,M,22,U,GT3,T,1,0,doctor,worker
马建平,2022000480,238408200409078457,RUC,大数据治理,F,20,U,LE3,T,0,2,accountant,doctor
周志文,2022000481,367296200309210481,RUC,应用数学,M,21,R,LE3,T,4,0,at_home,manager
吴建华,2022000482,570178200409118855,RUC,大数据治理,M,20,R,LE3,A,0,0,civil_servant,worker
邓语蝶,2022000483,187011200206178064,RUC,人工智能,M,22,R,LE3,A,3,3,worker,businessman
彭志平,2022000484,295845200404060977,RUC,大数据治理,F,20,R,GT3,T,2,0,civil_servant,civil_servant
曾雨泽,2022000485,427393200410254857,RUC,计算机科学与技术,F,20,R,GT3,A,0,4,at_home,accountant
马建华,2022000486,599904200410012993,RUC,计算机科学与技术,M,20,R,LE3,T,2,2,teacher,self_employed
曾刚,2022000487,170791200507150802,RUC,大数据治理,M,19,R,GT3,A,0,0,civil_servant,engineer
张志国,2022000488,476246200308093160,RUC,应用数学,M,21,U,LE3,A,3,4,businessman,teacher
苏丽,2022000489,198489200303228556,RUC,计算机科学与技术,F,21,R,LE3,T,1,2,worker,manager
许浩然,2022000490,543994200509245716,RUC,人工智能,M,19,R,LE3,T,1,2,self_employed,manager
王欣诺,2022000491,531989200508214203,RUC,应用数学,F,19,U,LE3,T,0,2,doctor,civil_servant
沈刚,2022000492,208887200502168086,RUC,大数据治理,F,19,R,LE3,A,4,2,accountant,manager
许欣怡,2022000493,413748200207028762,RUC,应用数学,F,22,U,GT3,A,1,3,teacher,accountant
朱浩轩,2022000494,364998200410191622,RUC,应用数学,F,20,R,GT3,A,1,4,at_home,civil_servant
袁建军,2022000495,389187200509102386,RUC,计算机科学与技术,M,19,U,LE3,T,2,4,worker,teacher
林伟,2022000496,553140200312069273,RUC,应用数学,F,21,U,LE3,T,4,1,teacher,worker
胡洋,2022000497,234379200201196392,RUC,应用数学,M,22,U,LE3,A,1,4,manager,engineer
董刚,2022000498,426642200404055503,RUC,计算机科学与技术,M,20,U,LE3,A,2,2,lawyer,civil_servant
徐志华,2022000499,186484200510195904,RUC,应用数学,M,19,R,LE3,T,3,3,civil_servant,doctor
卢梦婷,2022000500,138551200306264858,RUC,大数据治理,F,21,U,LE3,A,2,4,worker,teacher
胡平,2022000501,144644200308285220,RUC,大数据治理,F,21,U,LE3,A,4,3,teacher,lawyer
邓秀英,2022000502,530318200304192035,RUC,计算机科学与技术,M,21,U,LE3,A,4,0,businessman,doctor
曾志文,2022000503,467045200508272999,RUC,人工智能,F,19,R,LE3,T,0,1,teacher,engineer
傅宇轩,2022000504,472566200512030027,RUC,应用数学,F,19,R,LE3,A,2,2,manager,self_employed
丁建军,2022000505,246034200209126005,RUC,计算机科学与技术,F,22,R,GT3,T,0,0,teacher,self_employed
梁静,2022000506,536268200301092356,RUC,计算机科学与技术,M,21,R,LE3,A,0,0,accountant,at_home
罗志国,2022000507,516684200205239530,RUC,人工智能,M,22,U,LE3,T,4,3,civil_servant,lawyer
孙雨欣,2022000508,448651200302243631,RUC,应用数学,F,21,R,GT3,A,0,3,worker,accountant
袁军,2022000509,108223200407054825,RUC,计算机科学与技术,M,20,R,LE3,A,4,1,engineer,at_home
杨宇轩,2022000510,164514200510132166,RUC,应用数学,M,19,U,LE3,A,4,0,accountant,worker
萧国文,2022000511,599313200512139370,RUC,大数据治理,F,19,U,GT3,T,2,2,lawyer,at_home
林语涵,2022000512,312773200410012381,RUC,人工智能,M,20,U,GT3,A,2,3,doctor,self_employed
阎子轩,2022000513,197049200404047720,RUC,人工智能,M,20,U,LE3,A,2,4,doctor,lawyer
赵丽,2022000514,182752200507182474,RUC,大数据治理,M,19,U,LE3,A,1,4,teacher,worker
程梦茜,2022000515,285803200310117421,RUC,大数据治理,M,21,U,LE3,A,0,3,at_home,worker
魏志国,2022000516,369166200506163368,RUC,人工智能,M,19,U,LE3,A,1,0,teacher,accountant
许芬,2022000517,518672200308175331,RUC,计算机科学与技术,F,21,U,LE3,A,0,4,doctor,manager
张明,2022000518,503540200306092293,RUC,计算机科学与技术,F,21,U,LE3,T,0,2,self_employed,manager
郑静,2022000519,580663200510204909,RUC,人工智能,M,19,U,GT3,T,0,0,engineer,civil_servant
何国平,2022000520,582046200401123812,RUC,应用数学,F,20,R,GT3,A,1,1,at_home,manager
黄国平,2022000521,133491200306230395,RUC,应用数学,M,21,R,LE3,T,2,4,worker,businessman
杨勇,2022000522,596275200301011096,RUC,大数据治理,F,21,R,LE3,A,1,4,manager,lawyer
何涛,2022000523,575659200212133912,RUC,大数据治理,M,22,R,LE3,A,0,4,civil_servant,businessman
吕秀英,2022000524,100257200406097415,RUC,计算机科学与技术,M,20,U,GT3,A,0,1,manager,accountant
刘国庆,2022000525,275141200504117246,RUC,应用数学,M,19,R,GT3,A,0,2,teacher,lawyer
郭建平,2022000526,138792200507176798,RUC,应用数学,M,19,U,LE3,T,0,4,doctor,manager
杨芬,2022000527,494539200312161022,RUC,应用数学,M,21,R,LE3,T,2,1,manager,engineer
吕霞,2022000528,118177200206185680,RUC,人工智能,M,22,U,LE3,T,1,2,manager,worker
程欣宜,2022000529,211337200406164714,RUC,应用数学,F,20,R,GT3,A,1,4,doctor,doctor
孙丽,2022000530,120227200403247767,RUC,人工智能,M,20,U,LE3,T,3,4,at_home,civil_servant
何娜,2022000531,366669200204119394,RUC,大数据治理,M,22,U,GT3,A,0,2,engineer,at_home
沈超,2022000532,418177200408104627,RUC,人工智能,M,20,R,LE3,T,3,3,engineer,at_home
宋洋,2022000533,182035200409050125,RUC,计算机科学与技术,M,20,R,GT3,T,3,1,accountant,civil_servant
曹语晨,2022000534,346223200305218131,RUC,人工智能,M,21,R,GT3,A,2,3,worker,businessman
蔡浩宇,2022000535,217929200204264684,RUC,大数据治理,M,22,R,GT3,T,1,3,doctor,doctor
刘强,2022000536,258369200409213377,RUC,大数据治理,F,20,U,LE3,A,2,2,engineer,self_employed
高建平,2022000537,533493200501195239,RUC,大数据治理,M,19,R,GT3,T,0,1,lawyer,civil_servant
吴云,2022000538,135838200311186826,RUC,应用数学,M,21,R,GT3,A,1,3,self_employed,manager
刘梦璐,2022000539,405381200404226612,RUC,大数据治理,M,20,U,GT3,T,4,4,civil_servant,engineer
宋敏,2022000540,507868200212131455,RUC,应用数学,M,22,R,LE3,A,4,4,engineer,civil_servant
曹宇轩,2022000541,201488200206203077,RUC,计算机科学与技术,F,22,R,LE3,A,2,4,doctor,businessman
宋刚,2022000542,442469200501102708,RUC,计算机科学与技术,M,19,U,GT3,A,0,1,at_home,businessman
傅志国,2022000543,312784200512280147,RUC,大数据治理,M,19,R,LE3,T,4,2,civil_servant,lawyer
梁梦茜,2022000544,363048200301049958,RUC,应用数学,M,21,R,GT3,A,0,1,businessman,businessman
于浩宇,2022000545,192714200411027079,RUC,人工智能,M,20,R,LE3,T,1,2,lawyer,accountant
谢国平,2022000546,346563200211246785,RUC,计算机科学与技术,F,22,R,GT3,T,3,1,at_home,at_home
叶浩轩,2022000547,376637200402191938,RUC,计算机科学与技术,F,20,R,GT3,A,1,3,doctor,lawyer
萧浩宇,2022000548,245612200312194301,RUC,应用数学,F,21,R,LE3,A,3,4,accountant,accountant
魏雨欣,2022000549,107865200212134967,RUC,人工智能,F,22,U,GT3,A,1,1,worker,at_home
曹子豪,2022000550,579727200212097256,RUC,应用数学,F,22,R,GT3,T,1,0,accountant,lawyer
郑欣慧,2022000551,518558200203097083,RUC,应用数学,M,22,U,LE3,A,1,0,lawyer,lawyer
马杰,2022000552,383026200304082110,RUC,计算机科学与技术,F,21,U,LE3,T,0,0,engineer,accountant
董霞,2022000553,330042200209186492,RUC,大数据治理,F,22,U,LE3,A,3,2,lawyer,teacher
沈梦琪,2022000554,291164200309263015,RUC,人工智能,M,21,U,LE3,T,0,1,manager,doctor
傅玲,2022000555,162841200505133037,RUC,应用数学,F,19,U,GT3,A,3,3,worker,worker
梁梦琪,2022000556,193018200509203246,RUC,应用数学,M,19,U,GT3,T,2,4,at_home,engineer
邓超,2022000557,557631200201096946,RUC,应用数学,F,22,R,LE3,T,4,3,teacher,lawyer
袁强,2022000558,278423200310119377,RUC,大数据治理,F,21,U,LE3,A,4,3,businessman,at_home
林欣欣,2022000559,247969200302186767,RUC,应用数学,M,21,R,LE3,A,3,4,worker,manager
高语蝶,2022000560,507348200309027772,RUC,应用数学,M,21,U,GT3,T,2,3,accountant,doctor
萧雨轩,2022000561,123875200408254251,RUC,人工智能,F,20,R,GT3,A,1,4,teacher,self_employed
黄建国,2022000562,451237200301161426,RUC,计算机科学与技术,F,21,U,LE3,A,1,0,at_home,doctor
宋国文,2022000563,584408200410012662,RUC,大数据治理,F,20,R,GT3,T,4,1,accountant,lawyer
蔡桂英,2022000564,575603200507184566,RUC,人工智能,M,19,U,LE3,T,4,2,self_employed,teacher
胡国文,2022000565,353963200302129179,RUC,应用数学,F,21,U,LE3,A,0,3,worker,worker
赵梦涵,2022000566,588519200204124714,RUC,大数据治理,M,22,R,GT3,T,0,2,businessman,businessman
萧建平,2022000567,268828200309287133,RUC,大数据治理,F,21,U,GT3,T,4,0,engineer,civil_servant
宋芬,2022000568,411429200502091356,RUC,人工智能,F,19,R,LE3,T,0,1,at_home,self_employed
曾艳,2022000569,285490200302269590,RUC,人工智能,F,21,R,GT3,T,3,0,lawyer,engineer
贾子豪,2022000570,364797200509022043,RUC,人工智能,M,19,U,LE3,A,1,4,engineer,doctor
傅雨泽,2022000571,499298200408286966,RUC,大数据治理,F,20,U,GT3,T,0,4,teacher,teacher
林勇,2022000572,576519200302168228,RUC,大数据治理,F,21,U,GT3,A,0,2,lawyer,accountant
蒋国华,2022000573,462292200510197033,RUC,人工智能,F,19,R,LE3,T,0,3,accountant,teacher
徐伟,2022000574,413160200504016659,RUC,大数据治理,M,19,U,LE3,A,0,2,engineer,self_employed
曹欣怡,2022000575,132696200508189049,RUC,应用数学,F,19,U,LE3,T,0,4,businessman,businessman
彭浩轩,2022000576,360859200511126912,RUC,大数据治理,F,19,U,GT3,T,1,2,lawyer,manager
何丽,2022000577,121444200412011419,RUC,人工智能,F,20,R,GT3,A,0,0,civil_servant,businessman
杨娜,2022000578,517744200508109531,RUC,应用数学,F,19,R,LE3,A,2,0,at_home,doctor
林梦涵,2022000579,131177200409013921,RUC,人工智能,F,20,U,GT3,T,0,1,self_employed,civil_servant
于志文,2022000580,258379200410217996,RUC,人工智能,F,20,R,LE3,A,0,3,engineer,teacher
曹欣然,2022000581,315370200211289225,RUC,人工智能,F,22,U,GT3,T,2,1,civil_servant,at_home
周雨晴,2022000582,494401200201091943,RUC,大数据治理,F,22,R,GT3,A,2,2,worker,worker
蒋娟,2022000583,252881200304243114,RUC,应用数学,F,21,R,GT3,T,1,3,engineer,doctor
苏玲,2022000584,493120200409018604,RUC,应用数学,M,20,R,GT3,T,4,4,civil_servant,worker
卢军,2022000585,277467200205150887,RUC,大数据治理,M,22,R,LE3,T,4,0,at_home,doctor
吴平,2022000586,440024200406181936,RUC,应用数学,M,20,U,LE3,A,4,0,lawyer,engineer
胡浩轩,2022000587,139730200502125234,RUC,计算机科学与技术,M,19,R,LE3,T,3,1,manager,teacher
蔡梦婷,2022000588,189195200303149228,RUC,大数据治理,F,21,R,GT3,T,0,0,businessman,worker
张文,2022000589,284749200302208024,RUC,计算机科学与技术,M,21,U,LE3,A,4,1,teacher,self_employed
徐磊,2022000590,566097200203247248,RUC,大数据治理,F,22,R,LE3,T,1,2,civil_servant,accountant
唐洋,2022000591,409251200302274247,RUC,计算机科学与技术,M,21,U,GT3,T,2,2,teacher,doctor
薛艳,2022000592,356957200201068302,RUC,人工智能,F,22,R,LE3,T,4,2,worker,at_home
朱平,2022000593,474248200205277617,RUC,人工智能,F,22,U,GT3,T,1,2,accountant,engineer
王强,2022000594,294873200312087396,RUC,应用数学,M,21,U,GT3,A,4,2,worker,worker
沈子豪,2022000595,237476200209270635,RUC,人工智能,F,22,U,GT3,A,2,0,worker,self_employed
邓刚,2022000596,296179200409184404,RUC,大数据治理,M,20,R,LE3,T,4,0,manager,businessman
唐欣然,2022000597,405906200301025894,RUC,计算机科学与技术,F,21,U,GT3,A,1,3,teacher,businessman
吕伟,2022000598,313026200407288833,RUC,人工智能,F,20,U,GT3,A,0,1,teacher,engineer
胡欣悦,2022000599,525649200403202724,RUC,大数据治理,M,20,R,GT3,T,4,0,at_home,accountant
袁云,2022000600,415330200203192715,RUC,大数据治理,F,22,R,LE3,A,4,1,manager,civil_servant
卢秀英,2022000601,572771200509289200,RUC,计算机科学与技术,M,19,R,LE3,T,3,0,worker,engineer
傅国强,2022000602,535691200205243958,RUC,大数据治理,F,22,R,GT3,T,3,1,at_home,lawyer
吕浩宇,2022000603,219457200407022807,RUC,大数据治理,M,20,U,GT3,T,3,2,at_home,manager
梁国平,2022000604,252581200407181005,RUC,计算机科学与技术,F,20,U,LE3,A,0,1,manager,businessman
董伟,2022000605,571595200212015855,RUC,应用数学,F,22,U,LE3,T,1,3,businessman,self_employed
李欣然,2022000606,169062200502062785,RUC,应用数学,F,19,R,LE3,T,2,3,teacher,civil_servant
谢国庆,2022000607,204323200501141771,RUC,应用数学,F,19,R,LE3,T,0,0,businessman,accountant
黄浩轩,2022000608,401602200203280156,RUC,计算机科学与技术,F,22,U,LE3,T,1,4,at_home,lawyer
谢建国,2022000609,431137200507014556,RUC,计算机科学与技术,F,19,R,LE3,T,1,1,doctor,civil_servant
彭欣慧,2022000610,247504200511239222,RUC,计算机科学与技术,F,19,U,LE3,T,1,0,engineer,civil_servant
梁志华,2022000611,342243200207115405,RUC,大数据治理,F,22,R,LE3,A,3,0,businessman,worker
梁国强,2022000612,436403200311134830,RUC,应用数学,F,21,U,GT3,A,1,4,at_home,accountant
张浩然,2022000613,221461200510279274,RUC,人工智能,M,19,U,LE3,T,3,2,manager,self_employed
沈浩轩,2022000614,429508200408020803,RUC,大数据治理,F,20,U,GT3,A,3,4,businessman,lawyer
林志国,2022000615,483724200201030059,RUC,应用数学,F,22,R,LE3,T,0,3,civil_servant,manager
傅欣诺,2022000616,460190200201256091,RUC,大数据治理,F,22,U,LE3,T,2,3,accountant,at_home
刘欣宜,2022000617,145862200209100023,RUC,应用数学,F,22,U,GT3,T,3,1,engineer,manager
孙子豪,2022000618,477409200204128795,RUC,大数据治理,F,22,U,GT3,T,0,0,engineer,self_employed
程杰,2022000619,161145200504205055,RUC,计算机科学与技术,F,19,R,LE3,T,2,1,civil_servant,accountant
萧桂英,2022000620,308255200408253026,RUC,应用数学,M,20,U,GT3,A,3,3,civil_servant,engineer
宋雨轩,2022000621,247710200312062043,RUC,大数据治理,F,21,U,GT3,T,0,0,doctor,doctor
宋浩天,2022000622,535227200409020352,RUC,大数据治理,F,20,U,LE3,T,3,3,manager,teacher
邓磊,2022000623,430664200409261375,RUC,人工智能,F,20,U,GT3,A,1,3,doctor,self_employed
邓杰,2022000624,200427200504103161,RUC,应用数学,F,19,R,LE3,T,4,4,engineer,doctor
唐丽,2022000625,278086200207200855,RUC,计算机科学与技术,F,22,U,GT3,T,0,1,lawyer,worker
冯志华,2022000626,236130200503118264,RUC,大数据治理,M,19,U,GT3,T,3,1,at_home,manager
张建国,2022000627,579960200510287157,RUC,人工智能,M,19,U,LE3,A,2,3,engineer,engineer
丁欣宜,2022000628,334657200406235796,RUC,人工智能,M,20,R,GT3,T,1,1,at_home,worker
徐娟,2022000629,285329200503258192,RUC,人工智能,M,19,R,LE3,T,1,3,lawyer,engineer
何欣然,2022000630,464100200201210858,RUC,大数据治理,M,22,R,GT3,T,2,0,worker,engineer
宋勇,2022000631,256807200510042280,RUC,计算机科学与技术,M,19,U,GT3,T,3,4,worker,accountant
薛丽,2022000632,193184200301075941,RUC,人工智能,M,21,U,GT3,T,0,4,at_home,manager
刘国华,2022000633,396111200206097478,RUC,人工智能,F,22,R,LE3,A,4,3,businessman,doctor
唐子轩,2022000634,579500200506188251,RUC,计算机科学与技术,F,19,R,GT3,A,1,3,self_employed,engineer
郑雨涵,2022000635,333729200203273183,RUC,计算机科学与技术,M,22,U,GT3,T,1,3,civil_servant,self_employed
唐浩轩,2022000636,200969200412042903,RUC,应用数学,M,20,R,GT3,T,1,1,at_home,at_home
唐国平,2022000637,366590200304192357,RUC,计算机科学与技术,M,21,R,LE3,T,4,1,accountant,civil_servant
赵艳,2022000638,268742200305059609,RUC,人工智能,M,21,U,GT3,A,0,0,at_home,manager
曹桂英,2022000639,497371200511078160,RUC,人工智能,F,19,R,GT3,T,3,2,doctor,at_home
沈梦茜,2022000640,413160200410090558,RUC,应用数学,F,20,U,LE3,A,3,2,doctor,at_home
吴磊,2022000641,152130200401054327,RUC,大数据治理,F,20,R,GT3,A,2,2,accountant,lawyer
陈欣怡,2022000642,434557200211208838,RUC,应用数学,F,22,U,LE3,T,0,4,businessman,accountant
许建平,2022000643,125446200410023045,RUC,计算机科学与技术,M,20,U,GT3,A,3,1,manager,civil_servant
薛建国,2022000644,576185200210188142,RUC,应用数学,F,22,U,GT3,T,1,3,worker,accountant
李雨欣,2022000645,223162200210053191,RUC,计算机科学与技术,M,22,R,LE3,A,2,4,engineer,at_home
傅勇,2022000646,106494200203162154,RUC,计算机科学与技术,F,22,U,GT3,A,1,0,doctor,lawyer
黄志强,2022000647,546160200212172977,RUC,计算机科学与技术,F,22,U,LE3,A,4,0,worker,civil_servant
萧敏,2022000648,231623200201022471,RUC,应用数学,M,22,R,GT3,T,3,3,lawyer,self_employed
曾浩轩,2022000649,412365200405084653,RUC,计算机科学与技术,F,20,R,GT3,T,2,3,doctor,accountant
刘雨欣,2022000650,431622200407070932,RUC,应用数学,F,20,U,LE3,T,0,0,manager,civil_servant
丁志国,2022000651,168387200408109288,RUC,计算机科学与技术,M,20,R,GT3,T,1,2,teacher,lawyer
许建军,2022000652,502794200504012397,RUC,大数据治理,F,19,U,LE3,A,3,0,worker,engineer
丁伟,2022000653,275178200201111007,RUC,应用数学,F,22,R,GT3,T,3,3,teacher,worker
吕军,2022000654,430017200202086653,RUC,大数据治理,F,22,R,LE3,A,3,3,teacher,accountant
彭娟,2022000655,546926200307179000,RUC,计算机科学与技术,M,21,R,GT3,T,3,1,worker,worker
何雨欣,2022000656,137089200201125864,RUC,计算机科学与技术,M,22,R,LE3,T,1,2,worker,at_home
魏明,2022000657,507554200205226490,RUC,大数据治理,M,22,U,GT3,T,1,4,accountant,engineer
薛欣慧,2022000658,479958200402010682,RUC,应用数学,M,20,R,GT3,A,2,1,at_home,at_home
丁欣欣,2022000659,285732200202215893,RUC,人工智能,M,22,U,LE3,A,1,3,accountant,civil_servant
沈浩宇,2022000660,213561200206221225,RUC,人工智能,M,22,R,GT3,A,4,1,lawyer,engineer
周欣欣,2022000661,401444200406142164,RUC,人工智能,M,20,R,GT3,T,4,0,lawyer,manager
苏磊,2022000662,213250200306260470,RUC,大数据治理,F,21,U,LE3,T,4,4,civil_servant,teacher
谢雨轩,2022000663,173503200504209805,RUC,计算机科学与技术,M,19,U,GT3,T,4,0,lawyer,worker
郑欣怡,2022000664,311968200309057183,RUC,应用数学,M,21,R,GT3,A,2,4,worker,doctor
曾欣欣,2022000665,469973200408163650,RUC,计算机科学与技术,F,20,U,LE3,T,0,0,accountant,at_home
叶云,2022000666,530464200207088452,RUC,人工智能,M,22,U,LE3,A,4,4,doctor,manager
徐桂兰,2022000667,215658200410196973,RUC,应用数学,M,20,U,GT3,T,4,2,accountant,businessman
吕丽,2022000668,318856200312141808,RUC,应用数学,F,21,U,GT3,A,4,1,teacher,doctor
韩建军,2022000669,355141200310185824,RUC,计算机科学与技术,F,21,R,LE3,A,2,0,manager,teacher
蒋强,2022000670,189695200210214277,RUC,应用数学,F,22,U,GT3,T,3,4,engineer,engineer
徐洋,2022000671,364794200511257810,RUC,应用数学,M,19,R,LE3,A,0,4,doctor,businessman
郭欣宜,2022000672,196350200209019590,RUC,大数据治理,F,22,U,LE3,T,4,3,manager,lawyer
梁磊,2022000673,381705200407166936,RUC,计算机科学与技术,F,20,U,LE3,A,2,2,teacher,doctor
袁梦璐,2022000674,127954200409153809,RUC,大数据治理,F,20,R,GT3,T,1,2,accountant,civil_servant
刘浩天,2022000675,163472200202019544,RUC,人工智能,M,22,R,GT3,A,4,1,civil_servant,worker
张平,2022000676,523853200511141158,RUC,大数据治理,M,19,R,GT3,T,4,3,civil_servant,engineer
贾文,2022000677,423440200504273358,RUC,计算机科学与技术,M,19,U,GT3,T,2,2,engineer,self_employed
沈静,2022000678,366223200306239629,RUC,人工智能,F,21,U,GT3,T,4,0,at_home,civil_servant
魏建军,2022000679,339532200501163016,RUC,计算机科学与技术,M,19,U,LE3,T,1,4,accountant,worker
黄语蝶,2022000680,385065200501288463,RUC,应用数学,M,19,U,GT3,A,4,3,doctor,worker
阎平,2022000681,473492200310277438,RUC,计算机科学与技术,F,21,U,GT3,A,3,2,lawyer,civil_servant
董雨欣,2022000682,146905200412133179,RUC,计算机科学与技术,F,20,R,LE3,T,0,1,at_home,doctor
李志国,2022000683,359761200301250574,RUC,大数据治理,M,21,U,GT3,T,2,2,at_home,doctor
程雨泽,2022000684,305198200307067874,RUC,人工智能,F,21,U,LE3,T,3,1,manager,engineer
罗梦璐,2022000685,206475200310262436,RUC,大数据治理,F,21,R,LE3,T,1,4,teacher,self_employed
蒋国庆,2022000686,402800200301200647,RUC,大数据治理,M,21,R,LE3,A,4,4,engineer,accountant
薛志国,2022000687,573083200208222430,RUC,大数据治理,F,22,U,LE3,T,2,3,at_home,civil_servant
萧雨涵,2022000688,104591200512281503,RUC,应用数学,M,19,R,LE3,A,0,1,accountant,worker
苏志文,2022000689,172417200503258875,RUC,应用数学,F,19,U,LE3,T,4,1,businessman,worker
于志国,2022000690,492084200408019817,RUC,应用数学,F,20,R,LE3,A,4,0,self_employed,at_home
郑志国,2022000691,286956200512161869,RUC,计算机科学与技术,F,19,U,LE3,A,2,0,businessman,worker
马志华,2022000692,463736200203230712,RUC,计算机科学与技术,M,22,U,LE3,T,4,1,manager,manager
程丽,2022000693,310256200402056005,RUC,人工智能,M,20,U,LE3,A,2,3,worker,businessman
沈云,2022000694,337250200205066747,RUC,计算机科学与技术,M,22,R,LE3,A,4,1,lawyer,engineer
郑雨泽,2022000695,179970200207242123,RUC,人工智能,F,22,U,GT3,A,2,3,lawyer,engineer
邓霞,2022000696,102641200209220329,RUC,人工智能,F,22,R,LE3,A,4,0,self_employed,lawyer
徐浩然,2022000697,580008200407086322,RUC,人工智能,F,20,R,GT3,A,0,0,businessman,worker
吕梦涵,2022000698,404840200509169925,RUC,人工智能,F,19,R,GT3,A,3,4,teacher,accountant
韩欣怡,2022000699,379794200503180337,RUC,大数据治理,M,19,R,GT3,T,2,2,civil_servant,manager
罗涛,2022000700,246201200510190531,RUC,应用数学,F,19,U,LE3,T,0,4,at_home,lawyer
邓语涵,2022000701,195927200311069485,RUC,大数据治理,M,21,U,LE3,A,0,4,manager,engineer
张丽,2022000702,475096200312025070,RUC,大数据治理,F,21,R,GT3,A,1,3,accountant,self_employed
胡桂英,2022000703,292350200401103955,RUC,人工智能,M,20,R,LE3,A,0,2,worker,at_home
梁伟,2022000704,212745200408171863,RUC,大数据治理,M,20,R,GT3,A,4,4,civil_servant,lawyer
陈国平,2022000705,456869200307050411,RUC,人工智能,M,21,R,LE3,A,3,4,worker,engineer
吴语晨,2022000706,126514200211146380,RUC,大数据治理,M,22,R,GT3,A,0,0,at_home,self_employed
郭勇,2022000707,371657200312154185,RUC,应用数学,M,21,U,LE3,A,2,1,engineer,self_employed
吕欣悦,2022000708,266767200302035829,RUC,应用数学,F,21,R,LE3,T,2,3,lawyer,manager
吕欣然,2022000709,414553200301092395,RUC,应用数学,M,21,R,LE3,A,0,2,civil_servant,manager
梁桂英,2022000710,345145200502167121,RUC,计算机科学与技术,F,19,U,LE3,T,3,1,teacher,worker
许强,2022000711,365894200506136164,RUC,应用数学,M,19,U,GT3,A,0,1,engineer,engineer
程建军,2022000712,548398200308048698,RUC,计算机科学与技术,M,21,U,LE3,A,1,4,doctor,doctor
沈雨泽,2022000713,497313200503015786,RUC,计算机科学与技术,M,19,R,LE3,T,3,3,teacher,accountant
沈建平,2022000714,563930200402232901,RUC,应用数学,F,20,R,LE3,A,3,3,accountant,teacher
宋语蝶,2022000715,483169200406047663,RUC,人工智能,M,20,U,GT3,T,4,1,at_home,at_home
傅志文,2022000716,206802200509053249,RUC,大数据治理,F,19,R,GT3,A,2,0,engineer,self_employed
刘志强,2022000717,372337200501085905,RUC,大数据治理,M,19,U,LE3,T,4,4,lawyer,engineer
萧娜,2022000718,531089200305150416,RUC,应用数学,M,21,U,GT3,T,3,3,doctor,lawyer
何国庆,2022000719,433977200405289316,RUC,大数据治理,F,20,R,LE3,T,3,4,businessman,civil_servant
谢雨涵,2022000720,270747200204070550,RUC,应用数学,F,22,R,GT3,T,1,4,teacher,manager
魏勇,2022000721,121599200504262136,RUC,大数据治理,M,19,R,GT3,A,4,2,doctor,self_employed
谢子豪,2022000722,383202200309111564,RUC,大数据治理,M,21,R,GT3,A,4,0,teacher,at_home
彭梦婷,2022000723,342593200303248610,RUC,人工智能,M,21,R,LE3,T,4,0,teacher,doctor
郭国平,2022000724,404115200303257924,RUC,大数据治理,F,21,R,LE3,A,0,4,civil_servant,accountant
薛敏,2022000725,458600200301261452,RUC,计算机科学与技术,M,21,R,GT3,A,0,4,businessman,self_employed
于志华,2022000726,133626200402137467,RUC,人工智能,M,20,U,GT3,T,1,4,accountant,doctor
赵秀兰,2022000727,264839200410142727,RUC,人工智能,F,20,U,LE3,T,0,1,civil_servant,businessman
薛娜,2022000728,274388200410049793,RUC,大数据治理,F,20,U,GT3,T,4,4,engineer,lawyer
郑建华,2022000729,147980200305241133,RUC,人工智能,F,21,R,LE3,A,2,2,teacher,civil_servant
杨子轩,2022000730,312411200307206992,RUC,计算机科学与技术,F,21,U,GT3,A,0,2,self_employed,lawyer
吕娜,2022000731,306684200305039214,RUC,人工智能,M,21,U,LE3,A,1,3,civil_servant,teacher
高桂兰,2022000732,455319200212079608,RUC,计算机科学与技术,M,22,R,GT3,A,4,0,at_home,manager
周玲,2022000733,233946200409030659,RUC,人工智能,F,20,R,LE3,T,1,3,civil_servant,teacher
吴子轩,2022000734,100118200504162957,RUC,人工智能,F,19,R,LE3,A,2,3,doctor,accountant
薛欣诺,2022000735,220135200406202463,RUC,计算机科学与技术,F,20,U,LE3,T,1,1,teacher,teacher
朱欣诺,2022000736,288873200204102643,RUC,应用数学,F,22,R,GT3,T,1,3,accountant,civil_servant
高欣欣,2022000737,326993200204262525,RUC,应用数学,F,22,U,GT3,T,1,0,civil_servant,at_home
徐建国,2022000738,310388200202123950,RUC,人工智能,F,22,R,GT3,A,0,0,worker,at_home
程志平,2022000739,176690200406068317,RUC,应用数学,M,20,R,LE3,A,1,4,businessman,civil_servant
吴梦璐,2022000740,550920200403166756,RUC,应用数学,F,20,R,GT3,T,3,2,lawyer,lawyer
沈国华,2022000741,317779200403018093,RUC,应用数学,M,20,R,LE3,A,2,1,civil_servant,doctor
叶秀英,2022000742,346926200504024702,RUC,计算机科学与技术,F,19,R,GT3,A,1,2,civil_servant,lawyer
林敏,2022000743,537232200502169204,RUC,应用数学,M,19,R,GT3,T,0,2,worker,self_employed
王语涵,2022000744,401281200512049562,RUC,应用数学,M,19,U,GT3,A,1,2,manager,accountant
程娟,2022000745,393680200301147151,RUC,大数据治理,M,21,U,GT3,A,0,1,self_employed,lawyer
朱子轩,2022000746,209016200507136903,RUC,人工智能,F,19,U,LE3,T,2,2,lawyer,at_home
丁娟,2022000747,439335200511120164,RUC,计算机科学与技术,M,19,R,LE3,T,2,3,businessman,manager
林欣怡,2022000748,276775200502289228,RUC,应用数学,M,19,R,LE3,A,3,1,businessman,self_employed
孙梦璐,2022000749,376940200302244518,RUC,应用数学,F,21,R,LE3,A,0,4,worker,self_employed
谢雨欣,2022000750,272749200304019965,RUC,人工智能,M,21,U,GT3,T,0,3,worker,civil_servant
林雨轩,2022000751,166462200203214087,RUC,应用数学,F,22,U,GT3,T,1,3,civil_servant,accountant
魏文,2022000752,512858200407060695,RUC,应用数学,F,20,U,LE3,A,4,4,worker,engineer
王敏,2022000753,374885200408136963,RUC,大数据治理,M,20,U,LE3,A,1,2,doctor,lawyer
贾欣悦,2022000754,565311200405081144,RUC,大数据治理,M,20,R,LE3,T,3,4,at_home,lawyer
冯雨泽,2022000755,384867200311120827,RUC,大数据治理,M,21,R,LE3,T,0,2,at_home,civil_servant
傅雨晴,2022000756,404525200311213699,RUC,人工智能,M,21,R,GT3,T,4,4,teacher,self_employed
韩志强,2022000757,585243200406019868,RUC,大数据治理,F,20,U,GT3,A,1,1,self_employed,civil_servant
韩雨泽,2022000758,279031200206203975,RUC,应用数学,F,22,R,LE3,A,2,1,businessman,teacher
谢涛,2022000759,487261200508147625,RUC,人工智能,M,19,U,LE3,A,0,3,worker,accountant
冯国平,2022000760,437321200405197411,RUC,大数据治理,F,20,R,LE3,A,1,4,teacher,teacher
蔡雨轩,2022000761,210334200510025404,RUC,计算机科学与技术,M,19,U,LE3,A,0,1,doctor,worker
彭杰,2022000762,379148200403030018,RUC,人工智能,F,20,U,LE3,A,0,2,worker,doctor
马雨泽,2022000763,325682200202010827,RUC,计算机科学与技术,F,22,U,LE3,T,4,2,businessman,self_employed
蒋磊,2022000764,132919200207198155,RUC,大数据治理,F,22,R,LE3,A,0,1,lawyer,lawyer
郑文,2022000765,316485200202195231,RUC,计算机科学与技术,M,22,R,LE3,A,2,1,teacher,worker
阎刚,2022000766,459350200204184407,RUC,应用数学,M,22,R,LE3,A,0,2,self_employed,at_home
谢建华,2022000767,228141200202246824,RUC,人工智能,F,22,R,LE3,T,4,0,engineer,lawyer
胡文,2022000768,500619200306064220,RUC,应用数学,F,21,U,GT3,T,2,3,manager,engineer
谢伟,2022000769,567696200304208185,RUC,人工智能,F,21,R,GT3,A,4,2,at_home,self_employed
袁霞,2022000770,232933200201013386,RUC,人工智能,M,22,R,LE3,T,2,1,engineer,engineer
朱欣欣,2022000771,409438200410014683,RUC,大数据治理,M,20,U,LE3,A,3,1,worker,civil_servant
徐建华,2022000772,229686200409254549,RUC,计算机科学与技术,F,20,U,LE3,T,0,3,doctor,accountant
韩国平,2022000773,499458200410174505,RUC,应用数学,F,20,U,LE3,A,3,0,manager,businessman
苏欣宜,2022000774,275341200409011331,RUC,计算机科学与技术,M,20,U,LE3,A,2,4,manager,manager
何梦婷,2022000775,244730200202035617,RUC,大数据治理,M,22,R,GT3,T,2,1,doctor,civil_servant
李欣悦,2022000776,516466200507167010,RUC,计算机科学与技术,F,19,U,GT3,T,3,4,accountant,accountant
罗志平,2022000777,162518200211072294,RUC,大数据治理,M,22,R,GT3,A,0,4,worker,teacher
杨志文,2022000778,432574200310161076,RUC,大数据治理,F,21,R,LE3,A,1,3,engineer,businessman
苏欣诺,2022000779,514993200506272631,RUC,计算机科学与技术,M,19,U,LE3,T,3,1,engineer,self_employed
王伟,2022000780,142657200411128928,RUC,计算机科学与技术,F,20,U,GT3,A,4,2,doctor,engineer
卢雨涵,2022000781,461917200405089913,RUC,计算机科学与技术,M,20,U,GT3,T,3,3,businessman,manager
梁雨涵,2022000782,105571200401162645,RUC,人工智能,F,20,U,LE3,A,1,0,engineer,engineer
于涛,2022000783,425010200405098535,RUC,计算机科学与技术,F,20,R,GT3,T,3,4,civil_servant,worker
杨明,2022000784,368321200508032702,RUC,应用数学,F,19,U,GT3,A,2,0,teacher,teacher
吴欣宜,2022000785,425343200405043680,RUC,人工智能,M,20,R,LE3,T,1,1,doctor,civil_servant
曾超,2022000786,274234200209234750,RUC,计算机科学与技术,M,22,U,LE3,T,0,1,civil_servant,teacher
吕建华,2022000787,194189200402179053,RUC,计算机科学与技术,F,20,R,GT3,T,0,0,self_employed,teacher
苏梦茜,2022000788,120354200509127690,RUC,计算机科学与技术,F,19,R,GT3,A,2,2,self_employed,self_employed
卢梦涵,2022000789,148532200211112199,RUC,人工智能,F,22,U,GT3,A,3,0,businessman,doctor
魏建平,2022000790,377170200509144854,RUC,计算机科学与技术,F,19,R,LE3,T,2,3,businessman,teacher
程志文,2022000791,110209200510253715,RUC,计算机科学与技术,M,19,R,LE3,T,0,1,doctor,civil_servant
黄国华,2022000792,324450200501105070,RUC,人工智能,M,19,U,LE3,T,2,1,doctor,self_employed
王国华,2022000793,221504200509211785,RUC,应用数学,M,19,R,LE3,A,4,1,businessman,businessman
赵建国,2022000794,539019200301162343,RUC,大数据治理,M,21,R,GT3,A,3,4,teacher,accountant
刘浩宇,2022000795,409490200205064590,RUC,应用数学,M,22,R,GT3,A,4,1,accountant,lawyer
赵雨泽,2022000796,501786200511229533,RUC,大数据治理,M,19,R,LE3,T,4,4,doctor,civil_servant
杨伟,2022000797,342595200407032448,RUC,计算机科学与技术,F,20,U,LE3,A,2,1,businessman,teacher
阎雨轩,2022000798,396373200306083545,RUC,计算机科学与技术,F,21,R,LE3,T,3,2,accountant,doctor
于洋,2022000799,289703200208050159,RUC,计算机科学与技术,M,22,R,LE3,A,4,2,businessman,civil_servant
王丽,2022000800,557506200210121061,RUC,人工智能,M,22,U,GT3,T,3,0,doctor,doctor
林浩轩,2022000801,181262200503198833,RUC,人工智能,M,19,R,GT3,A,2,4,civil_servant,accountant
王洋,2022000802,551099200408194750,RUC,大数据治理,M,20,R,LE3,A,3,0,teacher,businessman
董丽,2022000803,471291200212125333,RUC,人工智能,M,22,R,GT3,T,2,1,accountant,businessman
唐雨轩,2022000804,337049200210024371,RUC,大数据治理,F,22,R,GT3,A,4,4,businessman,businessman
吕杰,2022000805,298006200403180507,RUC,应用数学,F,20,U,LE3,A,3,0,self_employed,accountant
蒋梦婷,2022000806,241112200305183083,RUC,应用数学,M,21,R,LE3,A,2,2,lawyer,manager
卢伟,2022000807,492419200507157215,RUC,人工智能,M,19,R,LE3,A,1,1,engineer,engineer
沈杰,2022000808,183316200507120858,RUC,大数据治理,M,19,U,LE3,A,4,3,businessman,manager
陈娟,2022000809,579432200509197485,RUC,应用数学,M,19,R,GT3,A,0,2,teacher,businessman
薛志华,2022000810,553750200511171037,RUC,应用数学,F,19,R,GT3,T,2,2,manager,businessman
张芬,2022000811,585180200402284811,RUC,应用数学,M,20,R,GT3,T,0,0,civil_servant,engineer
罗浩天,2022000812,210096200511197187,RUC,计算机科学与技术,F,19,R,LE3,A,0,4,self_employed,self_employed
许娜,2022000813,257451200508101160,RUC,应用数学,M,19,U,LE3,A,1,0,at_home,businessman
罗伟,2022000814,127208200510059028,RUC,人工智能,M,19,U,GT3,T,1,3,at_home,self_employed
李欣慧,2022000815,258774200504149905,RUC,人工智能,F,19,U,GT3,A,2,2,teacher,businessman
吕玲,2022000816,536791200408247527,RUC,计算机科学与技术,M,20,U,GT3,T,3,3,businessman,self_employed
唐静,2022000817,583403200202280981,RUC,应用数学,F,22,U,GT3,T,0,3,at_home,teacher
谢浩然,2022000818,295359200503183576,RUC,大数据治理,F,19,R,LE3,A,3,1,teacher,manager
张欣怡,2022000819,562751200302069860,RUC,大数据治理,M,21,R,GT3,A,1,3,teacher,self_employed
杨雨晴,2022000820,482026200405230497,RUC,大数据治理,F,20,R,LE3,A,4,2,worker,worker
孙伟,2022000821,402687200304249993,RUC,人工智能,F,21,U,GT3,T,1,2,accountant,manager
董雨晴,2022000822,489983200209202639,RUC,人工智能,F,22,R,GT3,A,1,0,self_employed,lawyer
苏军,2022000823,551471200310210380,RUC,人工智能,M,21,U,GT3,T,2,4,doctor,civil_servant
丁建平,2022000824,391698200202016261,RUC,应用数学,F,22,R,GT3,A,4,2,lawyer,self_employed
林雨泽,2022000825,472467200305052536,RUC,应用数学,F,21,U,GT3,T,3,2,civil_servant,self_employed
阎语蝶,2022000826,586883200402192987,RUC,人工智能,M,20,U,GT3,T,3,0,manager,manager
黄志平,2022000827,503486200503093237,RUC,计算机科学与技术,F,19,R,LE3,A,2,2,teacher,worker
郑秀英,2022000828,186493200505259579,RUC,计算机科学与技术,F,19,U,LE3,A,0,0,self_employed,engineer
马建军,2022000829,395997200310274536,RUC,计算机科学与技术,M,21,R,LE3,T,4,2,lawyer,doctor
阎宇轩,2022000830,244701200308191683,RUC,应用数学,M,21,R,LE3,A,0,4,accountant,teacher
薛国文,2022000831,505458200208093535,RUC,计算机科学与技术,F,22,R,GT3,T,3,4,manager,worker
赵云,2022000832,583993200401122178,RUC,人工智能,F,20,U,GT3,T,3,4,lawyer,accountant
于刚,2022000833,572698200201216728,RUC,计算机科学与技术,M,22,U,LE3,T,4,3,doctor,doctor
周丽,2022000834,513365200206103376,RUC,大数据治理,M,22,U,GT3,A,0,1,civil_servant,manager
于梦琪,2022000835,446071200304114778,RUC,人工智能,F,21,R,GT3,T,0,4,doctor,worker
马志强,2022000836,526062200311084031,RUC,大数据治理,M,21,R,GT3,A,0,4,manager,doctor
董雨涵,2022000837,472144200202084865,RUC,人工智能,M,22,R,LE3,T,0,0,at_home,worker
黄志华,2022000838,129233200412078329,RUC,计算机科学与技术,M,20,U,LE3,A,3,2,worker,worker
魏秀兰,2022000839,289916200203126486,RUC,计算机科学与技术,M,22,U,GT3,T,0,3,doctor,doctor
赵刚,2022000840,398334200203056589,RUC,应用数学,F,22,U,LE3,A,1,2,businessman,teacher
高玲,2022000841,169487200305237017,RUC,人工智能,F,21,U,GT3,A,1,3,engineer,doctor
胡勇,2022000842,170222200408241741,RUC,大数据治理,F,20,U,LE3,T,0,1,civil_servant,self_employed
曹建华,2022000843,532148200512118556,RUC,计算机科学与技术,M,19,R,GT3,A,4,4,manager,manager
贾芳,2022000844,285249200411069221,RUC,计算机科学与技术,F,20,U,LE3,T,1,2,businessman,civil_servant
萧欣诺,2022000845,232061200504130656,RUC,计算机科学与技术,F,19,R,LE3,T,0,1,businessman,engineer
郭欣诺,2022000846,441060200501212469,RUC,计算机科学与技术,F,19,U,LE3,A,3,0,doctor,businessman
彭建华,2022000847,552541200403162939,RUC,人工智能,F,20,U,LE3,A,3,1,accountant,self_employed
丁敏,2022000848,268379200308233038,RUC,人工智能,F,21,U,LE3,T,0,4,businessman,self_employed
高超,2022000849,209351200408111781,RUC,人工智能,F,20,R,GT3,T,0,1,businessman,manager
吴芳,2022000850,340250200210139546,RUC,计算机科学与技术,F,22,R,LE3,A,3,4,accountant,businessman
傅欣慧,2022000851,419738200401071790,RUC,人工智能,M,20,R,GT3,A,4,1,worker,civil_servant
曾志强,2022000852,136395200412152130,RUC,人工智能,M,20,U,LE3,A,4,2,manager,accountant
卢娟,2022000853,510886200302107213,RUC,人工智能,F,21,U,GT3,T,4,4,worker,accountant
邓雨泽,2022000854,342188200512157584,RUC,应用数学,F,19,R,LE3,A,0,2,teacher,accountant
郑雨晴,2022000855,481636200406257038,RUC,大数据治理,M,20,U,LE3,A,4,1,doctor,businessman
萧勇,2022000856,265066200310136128,RUC,应用数学,F,21,U,LE3,A,2,2,civil_servant,businessman
高云,2022000857,563258200309095411,RUC,人工智能,M,21,R,GT3,T,3,4,accountant,self_employed
吕雨轩,2022000858,147091200403268241,RUC,计算机科学与技术,F,20,R,GT3,T,4,1,doctor,engineer
张浩宇,2022000859,438069200408285631,RUC,计算机科学与技术,F,20,R,LE3,T,2,1,teacher,teacher
孙静,2022000860,401052200411182001,RUC,人工智能,F,20,U,LE3,A,0,0,engineer,lawyer
郑语蝶,2022000861,544831200405039004,RUC,计算机科学与技术,F,20,U,LE3,A,3,1,at_home,accountant
梁杰,2022000862,191616200412076106,RUC,大数据治理,M,20,R,GT3,A,3,2,worker,at_home
林欣诺,2022000863,205660200307100754,RUC,大数据治理,F,21,R,LE3,T,2,4,doctor,doctor
傅浩然,2022000864,520372200503034932,RUC,计算机科学与技术,M,19,R,GT3,A,4,2,teacher,at_home
陈建军,2022000865,343210200310263308,RUC,计算机科学与技术,M,21,R,LE3,A,2,1,worker,engineer
杨志强,2022000866,382878200207079511,RUC,应用数学,M,22,R,LE3,T,4,3,self_employed,manager
薛欣欣,2022000867,101250200410155058,RUC,大数据治理,M,20,R,LE3,A,0,0,teacher,businessman
林玲,2022000868,302400200502239300,RUC,人工智能,M,19,R,LE3,A,2,4,civil_servant,at_home
董欣悦,2022000869,150889200308131712,RUC,应用数学,M,21,R,LE3,T,1,2,civil_servant,worker
曾静,2022000870,582861200412173205,RUC,计算机科学与技术,M,20,U,GT3,A,3,4,engineer,businessman
郑玲,2022000871,112815200309171669,RUC,人工智能,M,21,U,GT3,A,2,0,businessman,at_home
吕平,2022000872,130005200311130021,RUC,大数据治理,M,21,R,GT3,A,3,0,lawyer,worker
吴桂兰,2022000873,573164200405239499,RUC,计算机科学与技术,M,20,R,LE3,A,3,1,worker,manager
李芬,2022000874,365692200409030634,RUC,大数据治理,M,20,R,LE3,T,4,1,businessman,doctor
苏建军,2022000875,448712200512057902,RUC,大数据治理,F,19,U,LE3,T,0,2,businessman,worker
程艳,2022000876,211868200206083766,RUC,人工智能,M,22,R,GT3,A,4,1,doctor,lawyer
孙雨泽,2022000877,560435200409097750,RUC,计算机科学与技术,M,20,U,GT3,A,4,0,teacher,engineer
韩建华,2022000878,280633200506186879,RUC,人工智能,F,19,R,LE3,T,4,3,accountant,doctor
叶浩然,2022000879,480122200406097084,RUC,大数据治理,F,20,R,GT3,A,4,2,manager,teacher
蔡平,2022000880,162536200302242684,RUC,应用数学,M,21,R,GT3,T,3,4,at_home,manager
刘玲,2022000881,372628200406116978,RUC,大数据治理,F,20,U,LE3,A,3,2,businessman,teacher
王雨轩,2022000882,518786200411219315,RUC,大数据治理,M,20,U,GT3,A,2,4,lawyer,engineer
刘欣诺,2022000883,299766200405224529,RUC,计算机科学与技术,M,20,R,GT3,T,1,3,manager,doctor
杨雨涵,2022000884,270503200310190790,RUC,应用数学,F,21,R,GT3,T,0,1,civil_servant,businessman
彭文,2022000885,330917200307195945,RUC,人工智能,F,21,R,GT3,A,4,4,businessman,doctor
卢国文,2022000886,413756200203014746,RUC,应用数学,F,22,R,GT3,A,1,1,manager,manager
郭子轩,2022000887,173692200409055908,RUC,人工智能,F,20,U,GT3,A,1,3,worker,doctor
彭涛,2022000888,509059200303178725,RUC,应用数学,F,21,U,GT3,A,4,1,doctor,at_home
傅平,2022000889,216349200312160406,RUC,大数据治理,F,21,R,LE3,A,3,3,self_employed,self_employed
徐丽,2022000890,438039200405153701,RUC,应用数学,F,20,U,GT3,T,3,0,accountant,worker
张浩天,2022000891,272495200305099575,RUC,人工智能,F,21,U,GT3,A,0,0,manager,civil_servant
韩浩天,2022000892,569987200207056024,RUC,人工智能,F,22,R,LE3,A,1,1,engineer,at_home
丁梦璐,2022000893,585162200203170674,RUC,应用数学,M,22,R,GT3,T,2,4,at_home,manager
周浩然,2022000894,319136200404025075,RUC,应用数学,M,20,R,GT3,T,2,1,accountant,manager
朱志华,2022000895,382953200510027001,RUC,大数据治理,M,19,U,GT3,T,0,3,businessman,civil_servant
刘芳,2022000896,326457200212259415,RUC,大数据治理,M,22,R,LE3,T,4,0,at_home,worker
胡建国,2022000897,208694200511092279,RUC,人工智能,M,19,R,GT3,T,2,1,worker,lawyer
刘超,2022000898,153296200305197788,RUC,大数据治理,M,21,U,GT3,T,0,1,worker,accountant
许国华,2022000899,526618200203267647,RUC,计算机科学与技术,M,22,R,GT3,A,4,0,businessman,self_employed
赵国文,2022000900,150620200403170791,RUC,人工智能,F,20,R,GT3,T,1,4,doctor,lawyer
郭建华,2022000901,257041200405275183,RUC,计算机科学与技术,F,20,U,GT3,A,4,3,manager,engineer
萧浩轩,2022000902,188465200211013716,RUC,人工智能,F,22,R,GT3,T,0,4,self_employed,worker
曹敏,2022000903,229401200303175341,RUC,人工智能,M,21,U,LE3,T,4,0,teacher,at_home
林国华,2022000904,252071200302260152,RUC,计算机科学与技术,M,21,R,GT3,T,2,1,lawyer,worker
宋雨泽,2022000905,238527200206192398,RUC,大数据治理,M,22,U,LE3,T,0,3,civil_servant,teacher
黄芬,2022000906,125811200402163332,RUC,人工智能,F,20,R,GT3,A,0,0,accountant,businessman
郑志文,2022000907,532080200403118027,RUC,应用数学,F,20,U,GT3,A,0,0,self_employed,lawyer
陈文,2022000908,430082200201111140,RUC,计算机科学与技术,M,22,U,LE3,T,2,0,at_home,self_employed
赵娜,2022000909,478667200203109163,RUC,大数据治理,M,22,R,LE3,T,0,0,lawyer,manager
朱芳,2022000910,349829200301093232,RUC,应用数学,M,21,U,LE3,T,3,3,worker,teacher
许敏,2022000911,282285200507190122,RUC,计算机科学与技术,M,19,U,GT3,A,1,2,worker,at_home
叶建军,2022000912,142022200207146824,RUC,应用数学,M,22,R,LE3,A,1,0,doctor,self_employed
唐建军,2022000913,234193200210095303,RUC,人工智能,M,22,R,LE3,A,3,0,manager,manager
吴秀英,2022000914,158110200406056890,RUC,大数据治理,M,20,U,GT3,T,3,2,accountant,businessman
韩子轩,2022000915,174810200402162975,RUC,应用数学,M,20,R,GT3,T,2,3,doctor,businessman
高秀英,2022000916,189196200309225671,RUC,大数据治理,M,21,R,LE3,A,3,0,accountant,manager
刘梦涵,2022000917,496207200401024540,RUC,大数据治理,F,20,U,GT3,T,1,2,lawyer,accountant
曾涛,2022000918,336244200308204213,RUC,人工智能,M,21,R,GT3,T,4,3,at_home,lawyer
沈芬,2022000919,463745200302082935,RUC,应用数学,M,21,R,GT3,T,3,3,at_home,accountant
阎子豪,2022000920,586066200303124269,RUC,计算机科学与技术,F,21,U,GT3,A,2,0,businessman,lawyer
郭雨欣,2022000921,126380200512108665,RUC,应用数学,M,19,R,LE3,A,1,3,businessman,manager
唐宇轩,2022000922,516946200206010948,RUC,应用数学,M,22,U,GT3,T,2,0,accountant,businessman
冯国文,2022000923,190329200403115508,RUC,应用数学,M,20,U,LE3,T,2,0,self_employed,teacher
高洋,2022000924,358745200201096852,RUC,应用数学,F,22,R,LE3,A,1,2,civil_servant,manager
赵志华,2022000925,160745200508156122,RUC,计算机科学与技术,M,19,R,LE3,T,1,1,doctor,engineer
蒋欣悦,2022000926,104855200204247395,RUC,人工智能,F,22,R,GT3,A,0,4,civil_servant,worker
梁勇,2022000927,435936200505113385,RUC,计算机科学与技术,F,19,U,GT3,T,4,4,at_home,worker
郭梦璐,2022000928,376204200207191110,RUC,人工智能,M,22,U,LE3,A,3,1,lawyer,doctor
彭国文,2022000929,173346200411148601,RUC,计算机科学与技术,F,20,R,GT3,T,3,1,doctor,civil_servant
何桂兰,2022000930,429136200411016554,RUC,应用数学,F,20,U,GT3,A,3,4,manager,accountant
郑桂英,2022000931,294525200510127561,RUC,人工智能,F,19,R,GT3,A,3,0,manager,worker
林国文,2022000932,200587200512154935,RUC,应用数学,F,19,U,LE3,A,0,4,civil_servant,accountant
魏志强,2022000933,122118200311245098,RUC,大数据治理,M,21,U,GT3,T,2,4,lawyer,manager
阎语涵,2022000934,401870200401045322,RUC,应用数学,M,20,R,GT3,A,1,2,lawyer,self_employed
蒋明,2022000935,173732200404108074,RUC,人工智能,F,20,R,GT3,T,2,0,self_employed,teacher
傅强,2022000936,117460200205041436,RUC,计算机科学与技术,M,22,R,GT3,T,4,3,self_employed,accountant
朱雨泽,2022000937,504538200305101258,RUC,计算机科学与技术,M,21,R,GT3,T,1,4,lawyer,worker
刘浩轩,2022000938,440316200402146094,RUC,应用数学,F,20,R,GT3,T,2,1,civil_servant,at_home
刘平,2022000939,227478200501262166,RUC,应用数学,M,19,R,GT3,T,0,0,doctor,doctor
贾建华,2022000940,426066200308062223,RUC,应用数学,M,21,U,LE3,A,0,1,teacher,worker
程欣慧,2022000941,217882200506085650,RUC,大数据治理,M,19,U,LE3,A,0,1,engineer,civil_servant
唐芬,2022000942,194498200506213460,RUC,大数据治理,F,19,R,GT3,T,0,3,doctor,manager
杨秀兰,2022000943,440710200308240088,RUC,应用数学,F,21,U,GT3,A,4,0,manager,accountant
于国庆,2022000944,373485200201236476,RUC,应用数学,F,22,R,LE3,T,2,1,self_employed,engineer
沈国强,2022000945,194447200306151709,RUC,大数据治理,F,21,R,LE3,A,2,4,teacher,self_employed
冯芬,2022000946,195955200503095105,RUC,计算机科学与技术,M,19,R,GT3,A,1,1,self_employed,accountant
谢欣怡,2022000947,371805200510250660,RUC,大数据治理,M,19,R,LE3,A,4,2,engineer,at_home
胡梦茜,2022000948,290608200507172492,RUC,大数据治理,F,19,R,LE3,A,3,2,doctor,doctor
冯浩天,2022000949,309484200503123847,RUC,大数据治理,F,19,U,LE3,A,2,3,manager,doctor
蒋敏,2022000950,455328200408268929,RUC,大数据治理,M,20,R,LE3,T,1,2,businessman,manager
谢敏,2022000951,210741200312149110,RUC,人工智能,F,21,R,LE3,T,2,0,doctor,accountant
赵欣怡,2022000952,553232200502014275,RUC,应用数学,F,19,U,GT3,T,0,0,engineer,self_employed
宋国庆,2022000953,436267200506051414,RUC,计算机科学与技术,M,19,R,LE3,T,2,1,engineer,teacher
胡娟,2022000954,258819200202056602,RUC,人工智能,M,22,R,LE3,A,4,0,lawyer,businessman
马伟,2022000955,511599200308091396,RUC,应用数学,M,21,R,GT3,A,2,0,teacher,at_home
罗浩轩,2022000956,595649200403231234,RUC,人工智能,M,20,R,GT3,A,1,4,doctor,at_home
宋子轩,2022000957,269711200404221480,RUC,应用数学,F,20,U,LE3,A,1,3,worker,businessman
马雨轩,2022000958,186776200309155734,RUC,人工智能,F,21,U,LE3,T,0,2,businessman,worker
苏宇轩,2022000959,116416200312156840,RUC,应用数学,F,21,U,GT3,T,3,0,lawyer,lawyer
高勇,2022000960,557938200201126590,RUC,人工智能,F,22,R,LE3,T,3,2,self_employed,accountant
董欣欣,2022000961,481999200202121875,RUC,人工智能,F,22,U,LE3,A,0,1,doctor,doctor
彭刚,2022000962,456427200305207970,RUC,大数据治理,M,21,U,LE3,T,1,1,at_home,worker
吴国文,2022000963,285917200410044548,RUC,应用数学,M,20,U,GT3,A,4,1,worker,doctor
宋欣慧,2022000964,487110200305227490,RUC,人工智能,F,21,U,GT3,A,1,0,civil_servant,self_employed
高桂英,2022000965,255273200509285540,RUC,人工智能,F,19,R,GT3,A,1,0,engineer,civil_servant
王欣然,2022000966,565250200203187478,RUC,应用数学,M,22,U,LE3,T,2,1,businessman,businessman
郭明,2022000967,575536200506188683,RUC,人工智能,M,19,R,GT3,T,4,1,businessman,worker
刘宇轩,2022000968,269502200402153699,RUC,计算机科学与技术,F,20,R,LE3,A,3,4,businessman,doctor
宋宇轩,2022000969,141713200306036831,RUC,大数据治理,F,21,R,LE3,A,3,0,engineer,businessman
蔡欣怡,2022000970,363359200511048819,RUC,大数据治理,F,19,U,GT3,T,3,1,lawyer,teacher
袁刚,2022000971,481920200512078418,RUC,应用数学,F,19,R,GT3,T,2,0,manager,civil_servant
冯静,2022000972,257946200204087658,RUC,大数据治理,F,22,U,LE3,T,2,4,lawyer,civil_servant
贾超,2022000973,306863200303152039,RUC,大数据治理,F,21,R,LE3,A,0,3,accountant,accountant
唐建华,2022000974,369865200212038520,RUC,计算机科学与技术,F,22,R,LE3,A,4,1,worker,doctor
曹刚,2022000975,156721200209051758,RUC,大数据治理,F,22,R,GT3,T,4,0,doctor,businessman
丁欣然,2022000976,102802200301219832,RUC,人工智能,M,21,U,LE3,A,1,2,doctor,civil_servant
于欣悦,2022000977,373896200408144144,RUC,人工智能,F,20,R,LE3,T,0,1,worker,accountant
林艳,2022000978,370248200409284590,RUC,大数据治理,M,20,U,LE3,T,4,4,businessman,engineer
宋子豪,2022000979,275820200303282701,RUC,应用数学,M,21,R,LE3,A,4,3,teacher,accountant
阎秀英,2022000980,176703200202047037,RUC,计算机科学与技术,F,22,R,LE3,T,1,1,self_employed,civil_servant
许语蝶,2022000981,377949200405213699,RUC,大数据治理,F,20,U,GT3,T,0,1,civil_servant,at_home
谢语蝶,2022000982,492165200212052394,RUC,大数据治理,M,22,R,GT3,A,1,2,businessman,at_home
蒋子豪,2022000983,196357200402246155,RUC,应用数学,M,20,U,LE3,A,3,1,lawyer,lawyer
罗洋,2022000984,206316200207101245,RUC,人工智能,M,22,R,LE3,T,3,2,doctor,lawyer
王欣欣,2022000985,464135200304132091,RUC,人工智能,M,21,R,GT3,T,4,2,teacher,lawyer
徐欣悦,2022000986,289125200512131185,RUC,应用数学,F,19,R,GT3,T,3,1,businessman,engineer
何国强,2022000987,437082200203109973,RUC,计算机科学与技术,F,22,R,GT3,T,1,2,businessman,lawyer
宋建华,2022000988,493959200508140125,RUC,应用数学,M,19,R,LE3,A,1,4,civil_servant,doctor
郑洋,2022000989,287122200302232036,RUC,计算机科学与技术,M,21,R,LE3,A,0,2,manager,accountant
宋超,2022000990,318663200209127946,RUC,大数据治理,F,22,R,LE3,T,4,1,manager,self_employed
刘子豪,2022000991,232898200312244572,RUC,应用数学,M,21,U,LE3,A,1,4,lawyer,self_employed
胡桂兰,2022000992,304240200302070421,RUC,人工智能,M,21,R,LE3,T,2,3,accountant,engineer
朱浩天,2022000993,504725200503124698,RUC,人工智能,F,19,U,LE3,A,0,2,teacher,engineer
苏浩宇,2022000994,319540200303126530,RUC,计算机科学与技术,M,21,R,LE3,A,4,1,manager,self_employed
陈云,2022000995,250273200410045429,RUC,应用数学,M,20,U,GT3,T,3,4,accountant,doctor
曹语蝶,2022000996,100962200411281877,RUC,人工智能,M,20,R,LE3,A,2,0,civil_servant,lawyer
王秀英,2022000997,249666200305130095,RUC,应用数学,F,21,U,GT3,A,3,1,civil_servant,self_employed
高雨泽,2022000998,371068200409275205,RUC,人工智能,F,20,U,GT3,T,0,4,at_home,at_home
郭梦琪,2022000999,106445200311278781,RUC,大数据治理,F,21,R,LE3,T,2,2,teacher,at_home
