姓名,学号,原因,往返时间,一周学习天数,课外活动,深造,有恋爱关系,家庭融洽程度,一周空闲时间,一周外出时间,工作日酒精摄入,周末酒精摄入,健康程度
周建华,2022000000,离家近,2,5,no,yes,yes,3,7,1,4,3,1
彭勇,2022000001,学校名誉,3,7,yes,no,yes,2,4,6,1,2,2
董建平,2022000002,学校名誉,3,6,no,no,yes,5,2,2,1,3,5
曾语涵,2022000003,专业,6,5,yes,yes,no,1,5,5,2,4,3
胡国强,2022000004,离家近,2,1,yes,yes,yes,1,7,4,3,1,3
彭欣然,2022000005,离家近,6,4,no,yes,yes,1,3,2,3,4,4
谢梦婷,2022000006,其他,4,3,yes,no,yes,5,3,4,5,1,2
陈秀兰,2022000007,离家近,3,2,no,no,no,3,5,4,2,2,2
于梦婷,2022000008,学校名誉,1,2,yes,yes,no,4,4,4,2,4,2
王霞,2022000009,其他,10,7,yes,no,yes,1,5,5,5,5,3
宋梦茜,2022000010,离家近,8,2,yes,no,no,3,3,2,3,1,1
高建军,2022000011,离家近,9,2,yes,no,yes,5,3,4,4,2,4
冯敏,2022000012,专业,10,3,yes,yes,no,2,1,3,3,3,2
陈洋,2022000013,其他,9,7,yes,no,no,4,7,7,4,2,2
陈欣宜,2022000014,专业,2,2,yes,no,yes,5,5,3,1,5,3
许欣欣,2022000015,离家近,9,7,yes,yes,no,2,4,5,2,2,2
吴欣怡,2022000016,专业,6,1,yes,no,no,3,2,3,3,5,2
卢志国,2022000017,学校名誉,4,2,yes,no,no,1,4,4,1,3,2
李文,2022000018,专业,10,4,no,yes,no,2,5,5,5,5,5
傅语涵,2022000019,专业,6,4,yes,no,yes,1,6,6,4,3,3
叶子轩,2022000020,专业,9,4,yes,no,yes,3,7,5,4,1,1
吴国华,2022000021,专业,8,2,yes,no,no,5,1,4,2,2,2
黄洋,2022000022,其他,10,4,no,yes,yes,2,6,4,5,1,4
冯欣慧,2022000023,专业,7,4,no,no,yes,3,5,5,3,3,3
郑梦茜,2022000024,离家近,9,1,yes,yes,yes,3,7,6,3,2,5
孙欣慧,2022000025,离家近,3,2,yes,no,no,5,2,6,4,2,1
贾明,2022000026,其他,8,1,no,no,yes,1,4,2,5,1,2
蔡强,2022000027,离家近,6,7,no,no,yes,2,3,4,1,5,3
唐子豪,2022000028,离家近,8,3,no,no,no,2,2,4,5,4,4
林磊,2022000029,离家近,1,3,no,yes,no,2,4,2,4,1,3
许梦琪,2022000030,离家近,2,6,no,no,no,4,5,1,4,4,4
许文,2022000031,专业,3,6,no,no,no,1,6,6,2,3,3
唐强,2022000032,学校名誉,8,5,yes,yes,yes,2,7,6,5,5,4
吕艳,2022000033,离家近,9,4,yes,yes,no,4,7,1,1,5,5
邓欣然,2022000034,专业,2,2,yes,no,yes,2,6,5,1,5,5
萧洋,2022000035,学校名誉,7,7,yes,no,yes,1,2,2,5,4,3
吕雨晴,2022000036,离家近,10,4,yes,yes,yes,1,3,5,5,4,4
赵勇,2022000037,离家近,5,5,yes,no,yes,5,5,3,4,4,4
傅子豪,2022000038,专业,2,7,yes,no,no,5,7,1,3,5,2
宋霞,2022000039,专业,1,3,yes,no,yes,4,5,5,1,5,2
于娜,2022000040,学校名誉,8,5,yes,yes,no,4,1,6,4,4,4
董云,2022000041,学校名誉,9,2,no,no,no,3,3,5,5,5,5
萧杰,2022000042,专业,10,3,yes,no,no,3,3,5,2,2,5
袁志华,2022000043,其他,8,7,no,yes,no,1,1,6,3,1,3
徐娜,2022000044,专业,5,1,no,no,yes,4,6,5,2,3,2
蔡芬,2022000045,专业,4,4,yes,no,yes,1,5,2,3,4,1
高国平,2022000046,学校名誉,6,3,yes,yes,yes,5,4,3,5,3,5
蒋欣怡,2022000047,其他,1,2,yes,yes,yes,4,7,4,4,1,2
吕建军,2022000048,离家近,1,1,yes,yes,yes,2,2,7,5,4,4
薛志强,2022000049,离家近,7,5,no,yes,no,2,2,3,2,5,5
吴梦涵,2022000050,专业,10,5,no,no,yes,1,6,2,4,3,4
贾梦茜,2022000051,学校名誉,5,7,yes,no,no,1,5,3,2,2,2
冯国强,2022000052,学校名誉,3,5,no,no,no,4,7,4,2,1,4
林浩然,2022000053,专业,5,3,yes,yes,yes,3,6,4,1,3,1
蔡宇轩,2022000054,离家近,4,2,no,no,yes,3,7,5,4,4,1
张刚,2022000055,离家近,7,7,no,no,no,3,2,3,5,3,4
傅霞,2022000056,学校名誉,7,2,yes,yes,no,5,3,2,3,1,5
郭浩然,2022000057,专业,3,1,yes,no,no,2,7,3,3,1,2
朱梦璐,2022000058,学校名誉,10,1,yes,no,yes,5,2,4,5,2,5
丁梦涵,2022000059,专业,7,3,no,no,yes,1,4,2,2,5,3
卢欣慧,2022000060,学校名誉,1,6,no,yes,yes,4,1,1,3,3,4
黄梦婷,2022000061,离家近,4,2,yes,no,yes,1,7,3,2,1,5
苏建国,2022000062,其他,3,5,no,no,no,2,3,3,5,4,5
郑云,2022000063,离家近,5,5,yes,no,no,1,5,5,1,4,2
阎浩天,2022000064,其他,3,7,yes,yes,yes,1,6,5,2,5,3
许国平,2022000065,学校名誉,10,4,no,yes,no,4,1,6,3,3,2
林志文,2022000066,专业,5,4,yes,yes,yes,1,7,4,2,5,1
黄欣慧,2022000067,学校名誉,7,7,yes,yes,yes,5,3,7,2,1,2
蒋勇,2022000068,离家近,10,1,yes,yes,yes,2,2,4,5,2,5
高梦茜,2022000069,学校名誉,1,3,no,yes,yes,2,5,2,3,1,1
谢志国,2022000070,其他,9,5,yes,yes,no,1,7,3,5,1,4
贾强,2022000071,其他,2,5,yes,no,yes,1,2,1,3,4,1
朱秀兰,2022000072,学校名誉,6,6,yes,no,yes,3,1,4,5,1,5
刘秀兰,2022000073,离家近,1,4,no,no,yes,3,3,3,3,5,4
曾丽,2022000074,学校名誉,9,6,yes,yes,no,5,2,7,1,2,4
冯建华,2022000075,其他,9,5,yes,yes,no,2,1,4,4,3,4
罗国华,2022000076,其他,1,5,no,yes,yes,4,4,7,4,5,1
叶欣慧,2022000077,学校名誉,7,5,no,no,yes,1,3,2,2,2,1
罗芳,2022000078,离家近,9,6,no,no,yes,2,7,2,5,3,1
傅雨涵,2022000079,学校名誉,10,7,yes,yes,no,3,6,4,2,5,2
袁语蝶,2022000080,离家近,8,4,no,yes,yes,1,5,3,3,3,4
沈建国,2022000081,离家近,9,1,no,no,yes,4,1,6,1,3,2
苏桂英,2022000082,其他,5,6,no,no,yes,4,7,5,3,3,1
贾浩然,2022000083,学校名誉,6,6,no,no,no,2,7,5,2,5,3
谢建平,2022000084,专业,10,4,yes,yes,yes,2,4,5,1,2,4
林雨涵,2022000085,专业,2,2,no,yes,yes,3,4,6,2,2,3
宋志国,2022000086,离家近,2,6,no,yes,yes,5,4,2,2,4,2
张国华,2022000087,离家近,6,6,no,yes,no,1,1,3,5,1,2
李勇,2022000088,学校名誉,1,1,no,no,yes,2,3,5,5,4,5
林涛,2022000089,专业,4,5,no,yes,no,3,6,1,5,1,4
许芳,2022000090,专业,4,5,yes,yes,yes,2,3,2,5,4,3
王志国,2022000091,离家近,10,6,no,no,yes,4,6,7,3,4,3
叶雨涵,2022000092,专业,6,1,no,yes,yes,5,3,5,5,5,4
董梦琪,2022000093,学校名誉,8,7,no,yes,yes,5,2,7,3,3,3
沈军,2022000094,离家近,7,3,no,no,yes,2,3,3,3,3,1
苏语涵,2022000095,专业,3,1,yes,no,no,3,4,6,3,3,4
萧子轩,2022000096,专业,3,3,yes,yes,no,5,5,3,2,3,1
谢语晨,2022000097,学校名誉,8,6,yes,yes,yes,2,5,2,2,3,4
何浩轩,2022000098,其他,3,7,no,no,no,1,5,3,3,5,5
丁雨涵,2022000099,离家近,4,4,no,no,yes,3,3,5,1,3,4
王勇,2022000100,其他,7,5,no,yes,yes,1,4,5,2,2,1
郭梦婷,2022000101,专业,10,1,no,yes,yes,3,3,7,2,5,2
林秀英,2022000102,学校名誉,8,3,yes,yes,yes,4,4,7,2,3,4
丁建华,2022000103,离家近,9,6,no,yes,no,4,7,3,5,4,2
卢志平,2022000104,其他,5,5,no,no,no,2,5,3,4,5,2
吴丽,2022000105,其他,1,7,no,no,yes,5,3,3,2,5,5
黄欣然,2022000106,学校名誉,3,1,no,no,no,1,4,1,5,2,1
吕刚,2022000107,学校名誉,10,2,yes,no,no,3,4,3,4,3,4
黄建华,2022000108,学校名誉,5,4,yes,yes,yes,3,6,3,4,3,1
高梦涵,2022000109,专业,10,4,no,no,yes,5,5,3,2,1,3
黄涛,2022000110,专业,10,2,no,no,no,4,2,3,1,1,3
傅明,2022000111,离家近,1,1,no,no,yes,3,4,2,1,2,1
冯文,2022000112,其他,7,3,no,yes,no,2,6,1,5,4,1
蔡雨涵,2022000113,离家近,3,5,yes,no,yes,1,1,2,2,3,5
唐欣诺,2022000114,其他,10,6,yes,yes,yes,3,5,5,3,3,2
蔡梦茜,2022000115,学校名誉,1,3,no,no,no,1,3,6,3,2,4
冯艳,2022000116,专业,8,1,no,no,no,3,1,2,1,3,2
曾娜,2022000117,离家近,4,2,no,yes,yes,3,7,6,5,1,2
丁静,2022000118,离家近,2,1,yes,yes,yes,4,5,5,1,3,4
吕建平,2022000119,专业,6,3,no,no,yes,1,4,7,4,1,2
周志华,2022000120,学校名誉,9,5,yes,no,no,5,2,6,4,4,3
王梦琪,2022000121,离家近,8,7,no,yes,no,4,7,5,5,3,2
林雨欣,2022000122,专业,4,7,no,no,no,4,4,6,5,5,2
刘刚,2022000123,专业,8,6,yes,yes,yes,3,5,4,2,3,5
张志文,2022000124,其他,2,6,yes,no,yes,2,2,7,4,3,5
萧明,2022000125,其他,4,4,no,yes,yes,5,6,1,4,5,1
赵建华,2022000126,学校名誉,7,5,no,no,yes,4,3,5,1,4,3
沈浩天,2022000127,离家近,6,5,no,no,yes,3,6,5,2,5,2
梁欣悦,2022000128,专业,9,3,no,no,no,2,2,1,1,3,4
孙强,2022000129,学校名誉,9,1,no,no,no,3,5,7,5,1,2
董国华,2022000130,学校名誉,6,4,no,yes,yes,1,3,7,2,3,2
傅梦璐,2022000131,学校名誉,3,6,no,yes,yes,1,6,2,3,2,5
郑宇轩,2022000132,专业,9,1,yes,yes,yes,5,1,4,4,2,2
杨磊,2022000133,离家近,8,7,no,yes,yes,2,7,1,1,4,5
谢浩天,2022000134,学校名誉,10,4,yes,no,no,3,7,2,3,3,3
陈欣欣,2022000135,学校名誉,10,7,yes,yes,no,2,6,4,2,4,4
阎秀兰,2022000136,离家近,8,2,yes,yes,no,1,1,3,4,1,4
孙洋,2022000137,学校名誉,1,2,yes,yes,yes,5,1,6,1,1,2
袁芳,2022000138,学校名誉,2,7,no,yes,no,1,4,1,1,2,1
谢国文,2022000139,离家近,7,5,yes,yes,no,1,6,4,4,2,5
贾子轩,2022000140,专业,5,6,yes,yes,no,5,4,4,5,5,2
张梦涵,2022000141,其他,1,1,no,no,yes,3,7,4,2,5,3
冯欣悦,2022000142,学校名誉,9,4,no,no,no,2,4,2,2,1,2
杨欣悦,2022000143,其他,3,4,yes,yes,no,2,2,5,4,4,4
冯欣欣,2022000144,离家近,10,1,yes,yes,yes,4,1,5,2,4,1
卢静,2022000145,学校名誉,1,5,yes,yes,no,2,5,1,1,3,3
萧欣欣,2022000146,其他,10,1,yes,no,no,1,5,6,3,2,4
林娟,2022000147,学校名誉,5,3,no,no,no,2,6,3,2,4,3
宋志平,2022000148,离家近,8,2,no,yes,no,1,3,5,3,1,4
黄欣怡,2022000149,其他,10,4,yes,yes,yes,3,4,4,3,3,2
叶建平,2022000150,其他,10,1,yes,no,no,3,7,5,2,5,3
蔡杰,2022000151,学校名誉,2,4,yes,yes,no,3,4,1,3,1,3
郭语晨,2022000152,其他,7,4,yes,yes,yes,2,3,6,1,3,3
刘志平,2022000153,离家近,6,1,yes,no,no,3,4,5,1,3,4
沈欣然,2022000154,其他,10,2,yes,yes,no,4,4,2,4,1,1
袁浩宇,2022000155,专业,1,1,no,yes,yes,4,4,6,1,1,3
魏磊,2022000156,专业,2,1,yes,no,no,1,1,5,2,3,2
梁欣然,2022000157,离家近,6,3,yes,yes,yes,5,4,6,1,5,3
胡云,2022000158,学校名誉,2,1,yes,no,no,1,5,5,5,4,5
高芳,2022000159,离家近,4,2,no,no,no,3,6,2,1,5,4
贾语涵,2022000160,离家近,2,1,no,no,no,5,5,5,3,3,4
邓静,2022000161,离家近,2,4,no,yes,yes,3,2,6,4,2,3
阎欣诺,2022000162,离家近,10,6,no,no,no,1,2,2,4,1,1
魏国文,2022000163,其他,5,3,yes,yes,no,2,5,5,3,5,3
郭刚,2022000164,其他,7,7,yes,no,no,3,7,4,1,2,2
傅国平,2022000165,其他,4,4,yes,no,yes,5,6,3,5,1,2
谢梦琪,2022000166,专业,8,1,no,yes,yes,2,2,7,3,4,4
丁雨欣,2022000167,专业,1,5,yes,no,yes,3,4,3,1,1,2
丁秀英,2022000168,其他,6,7,no,no,yes,1,5,4,1,2,1
梁国华,2022000169,其他,7,7,yes,yes,yes,5,7,5,3,3,1
张雨涵,2022000170,其他,3,5,yes,yes,no,1,3,2,3,3,1
徐玲,2022000171,专业,5,4,yes,no,yes,3,5,1,5,5,2
叶雨轩,2022000172,专业,6,5,yes,yes,no,1,3,7,1,2,3
吴浩然,2022000173,专业,7,6,yes,no,yes,2,3,3,4,1,3
卢欣诺,2022000174,离家近,5,1,no,yes,yes,5,6,2,5,3,4
沈娜,2022000175,学校名誉,4,6,yes,yes,yes,4,5,4,5,2,4
蔡勇,2022000176,其他,6,2,yes,yes,no,2,7,7,1,5,1
刘语涵,2022000177,离家近,10,4,no,yes,no,3,7,6,2,4,5
蔡娟,2022000178,专业,5,3,no,no,no,5,5,7,3,5,4
于文,2022000179,离家近,8,7,yes,yes,yes,4,6,6,3,3,1
宋浩宇,2022000180,离家近,10,3,no,no,no,3,4,1,4,1,3
曾欣慧,2022000181,离家近,7,1,no,no,no,3,4,6,3,1,5
陈梦涵,2022000182,专业,3,6,no,yes,no,5,6,4,1,5,5
蒋文,2022000183,专业,7,3,no,no,yes,2,7,3,3,1,2
叶桂兰,2022000184,离家近,5,2,no,no,yes,5,4,2,5,3,1
陈磊,2022000185,学校名誉,7,5,no,no,yes,4,6,1,4,3,2
萧欣慧,2022000186,其他,10,1,yes,yes,yes,1,1,3,4,2,1
冯芳,2022000187,其他,4,2,yes,yes,no,4,4,3,1,5,4
阎梦琪,2022000188,其他,2,2,yes,yes,yes,1,1,2,4,5,5
徐涛,2022000189,学校名誉,6,4,no,yes,no,5,7,7,4,2,2
蒋霞,2022000190,学校名誉,9,1,yes,yes,yes,5,2,4,4,2,4
周娜,2022000191,学校名誉,2,4,yes,no,no,4,3,1,1,2,3
袁国华,2022000192,专业,2,5,no,no,no,4,4,6,3,2,1
朱建国,2022000193,其他,4,1,no,no,yes,5,6,6,4,5,3
叶雨泽,2022000194,学校名誉,3,4,yes,yes,no,1,6,5,1,2,4
萧国强,2022000195,专业,2,6,yes,yes,no,4,2,2,2,4,3
曾芬,2022000196,专业,4,5,no,yes,no,4,7,7,5,3,1
蔡建华,2022000197,学校名誉,7,1,no,yes,yes,4,3,5,5,2,5
卢浩宇,2022000198,专业,3,7,yes,yes,no,5,3,6,5,4,4
董国平,2022000199,专业,5,1,yes,yes,yes,1,5,2,1,5,5
吴敏,2022000200,专业,3,3,yes,yes,no,2,1,3,1,4,1
吴子豪,2022000201,专业,2,6,yes,yes,no,4,3,4,2,4,1
魏欣欣,2022000202,离家近,8,2,yes,yes,yes,2,3,5,2,3,5
曾国强,2022000203,其他,7,5,yes,no,no,3,1,3,5,4,1
唐欣慧,2022000204,离家近,6,4,yes,no,yes,4,7,7,4,5,4
程超,2022000205,其他,10,1,no,no,no,3,3,7,2,4,4
周军,2022000206,专业,10,3,no,no,no,5,4,3,1,2,3
冯子轩,2022000207,专业,9,3,no,no,yes,2,7,6,4,3,3
曹志文,2022000208,学校名誉,1,3,yes,yes,yes,3,4,7,2,3,3
高梦婷,2022000209,学校名誉,1,6,yes,no,yes,3,6,5,5,2,3
傅欣悦,2022000210,其他,5,2,no,yes,no,1,7,2,1,4,2
宋雨晴,2022000211,离家近,3,3,yes,yes,yes,4,2,2,4,2,3
曾桂兰,2022000212,离家近,1,7,no,no,yes,1,6,3,2,1,5
程欣诺,2022000213,学校名誉,8,1,yes,no,yes,5,4,2,4,2,1
叶军,2022000214,专业,6,1,no,yes,yes,5,2,5,5,3,4
程子豪,2022000215,专业,6,2,no,no,yes,5,6,4,1,3,2
袁建平,2022000216,离家近,2,3,yes,no,yes,1,6,2,2,4,5
阎涛,2022000217,其他,6,4,yes,no,no,5,7,3,5,5,3
郭志文,2022000218,其他,7,1,no,yes,yes,2,5,2,1,3,5
胡建华,2022000219,专业,2,4,no,yes,no,4,7,6,3,5,1
于雨欣,2022000220,专业,10,3,no,yes,yes,4,5,5,3,1,2
彭志国,2022000221,其他,7,5,no,no,yes,3,5,6,3,1,5
薛雨晴,2022000222,学校名誉,4,2,no,yes,yes,4,1,5,2,4,3
孙语蝶,2022000223,学校名誉,10,6,yes,no,no,5,4,7,5,5,4
何子豪,2022000224,其他,6,6,yes,yes,yes,3,3,4,1,5,5
孙国强,2022000225,专业,1,2,no,yes,no,4,3,1,4,3,2
谢国强,2022000226,学校名誉,10,7,no,yes,no,4,1,5,4,2,5
吕欣怡,2022000227,其他,9,6,yes,no,no,4,6,3,3,3,4
吴梦婷,2022000228,专业,4,5,yes,no,no,3,1,7,2,3,2
薛建华,2022000229,离家近,3,7,yes,no,yes,4,4,4,5,3,3
蔡磊,2022000230,离家近,8,5,no,no,no,5,7,2,5,1,1
韩玲,2022000231,离家近,8,5,no,yes,no,5,5,4,2,4,2
王志文,2022000232,专业,9,2,yes,yes,no,3,5,6,3,5,2
林浩宇,2022000233,学校名誉,8,4,no,yes,no,2,4,1,1,1,4
吴建军,2022000234,其他,3,7,yes,yes,yes,1,1,5,4,1,5
贾霞,2022000235,专业,10,5,no,yes,yes,3,2,7,2,4,5
李洋,2022000236,专业,5,5,yes,no,yes,1,4,3,5,5,1
郭丽,2022000237,其他,6,2,yes,no,yes,5,1,5,3,3,4
卢桂兰,2022000238,离家近,10,6,yes,no,no,5,5,1,5,1,3
马梦婷,2022000239,其他,10,4,no,no,yes,2,6,2,1,5,1
阎文,2022000240,其他,3,6,no,no,yes,4,3,5,2,3,1
孙宇轩,2022000241,其他,5,7,no,no,no,3,3,5,5,2,3
袁雨轩,2022000242,专业,7,2,yes,no,no,3,1,3,4,5,4
薛欣宜,2022000243,学校名誉,1,6,yes,yes,yes,4,1,7,3,3,5
叶语蝶,2022000244,离家近,7,4,yes,yes,no,5,2,1,4,4,5
萧建华,2022000245,离家近,1,5,no,yes,yes,4,5,6,2,1,3
赵静,2022000246,学校名誉,8,2,no,no,no,3,3,7,1,5,4
林刚,2022000247,其他,6,5,yes,yes,no,4,4,6,2,3,5
宋志文,2022000248,专业,8,4,yes,yes,yes,2,6,7,3,4,5
高子豪,2022000249,其他,3,4,no,no,yes,3,3,3,1,4,2
郭欣然,2022000250,学校名誉,7,4,no,no,yes,5,6,2,2,3,1
罗文,2022000251,其他,7,2,no,yes,yes,3,5,7,2,5,2
贾欣然,2022000252,专业,7,3,yes,yes,yes,5,5,1,5,4,4
蔡玲,2022000253,离家近,10,4,no,yes,yes,4,4,3,4,3,1
李雨泽,2022000254,其他,1,7,no,yes,yes,1,4,6,4,4,4
胡明,2022000255,专业,10,1,no,yes,no,3,6,3,1,1,2
高建华,2022000256,学校名誉,5,6,no,yes,no,2,7,3,5,2,2
唐国强,2022000257,离家近,1,6,no,no,yes,2,7,7,1,5,4
许军,2022000258,离家近,10,6,yes,yes,no,5,4,3,5,4,2
曹梦茜,2022000259,专业,9,7,yes,no,yes,4,3,4,2,5,2
徐欣慧,2022000260,离家近,2,6,no,no,yes,4,6,6,1,2,4
沈雨晴,2022000261,离家近,7,2,no,yes,yes,3,2,5,5,5,1
丁杰,2022000262,学校名誉,1,6,no,no,no,2,2,4,3,3,5
杨超,2022000263,其他,5,7,yes,no,no,3,1,2,3,2,1
赵欣慧,2022000264,学校名誉,1,3,yes,yes,yes,5,2,6,2,5,5
许子轩,2022000265,其他,5,6,yes,no,no,5,3,1,5,2,4
邓欣慧,2022000266,学校名誉,9,5,yes,yes,yes,4,1,7,5,4,2
朱国庆,2022000267,离家近,7,6,yes,yes,yes,2,5,6,4,2,5
李桂英,2022000268,专业,2,7,no,no,no,3,2,4,2,4,5
曾玲,2022000269,专业,2,6,no,no,yes,2,7,7,2,5,1
李语蝶,2022000270,离家近,9,4,yes,no,no,5,5,1,1,5,1
贾涛,2022000271,专业,9,6,no,yes,yes,2,4,2,4,2,4
刘丽,2022000272,学校名誉,3,6,yes,no,yes,3,4,7,2,5,2
郑梦璐,2022000273,学校名誉,10,2,yes,yes,yes,2,5,1,1,5,5
阎国华,2022000274,离家近,6,5,yes,no,no,3,5,6,2,5,5
蔡国强,2022000275,学校名誉,6,6,yes,no,yes,4,6,7,1,4,5
邓国华,2022000276,其他,3,5,no,no,yes,3,5,7,5,5,2
阎云,2022000277,离家近,4,7,yes,yes,no,5,6,4,3,1,2
萧志文,2022000278,专业,7,5,no,yes,yes,3,2,7,4,5,1
于子豪,2022000279,专业,6,1,no,yes,yes,5,1,3,2,4,1
李雨晴,2022000280,学校名誉,1,1,yes,no,no,1,1,6,2,2,2
袁艳,2022000281,其他,9,3,no,yes,yes,3,6,3,4,2,4
陈艳,2022000282,离家近,7,7,no,yes,no,3,4,3,3,3,1
黄芳,2022000283,离家近,10,4,no,no,yes,5,3,5,3,2,1
冯梦琪,2022000284,其他,10,6,no,no,no,1,3,6,5,2,4
蒋刚,2022000285,其他,10,4,no,yes,no,3,4,6,5,1,3
蔡梦琪,2022000286,学校名誉,8,6,yes,no,no,2,6,4,5,4,3
曾浩然,2022000287,离家近,4,4,no,yes,no,2,2,3,4,2,2
曾国平,2022000288,专业,1,2,yes,yes,yes,4,6,6,4,5,5
黄平,2022000289,其他,10,3,yes,no,yes,1,2,1,5,3,5
董语涵,2022000290,学校名誉,7,5,no,no,yes,1,7,5,4,2,4
杨梦璐,2022000291,专业,1,4,yes,yes,yes,3,6,3,3,4,3
许志强,2022000292,专业,5,6,yes,no,yes,2,2,5,5,4,1
薛浩宇,2022000293,学校名誉,10,5,yes,yes,no,1,7,6,4,4,5
彭伟,2022000294,离家近,2,4,yes,yes,yes,2,1,2,4,3,3
李平,2022000295,专业,7,3,no,no,no,3,2,4,5,1,5
沈勇,2022000296,其他,10,1,no,yes,yes,1,5,3,3,5,3
王建华,2022000297,专业,4,6,no,no,no,5,6,6,5,1,1
袁欣然,2022000298,离家近,3,3,yes,no,no,2,2,7,1,4,3
朱静,2022000299,离家近,2,5,yes,yes,no,2,7,7,2,5,2
邓娟,2022000300,离家近,8,4,yes,yes,yes,4,5,7,1,1,1
丁语晨,2022000301,离家近,5,6,no,yes,yes,1,3,3,2,4,1
徐勇,2022000302,学校名誉,2,6,yes,yes,yes,1,2,6,5,4,2
张欣欣,2022000303,专业,4,6,yes,no,no,5,6,7,2,5,4
吴刚,2022000304,专业,9,3,no,no,no,2,3,3,5,2,4
魏丽,2022000305,离家近,3,1,yes,no,yes,1,4,5,1,2,4
于军,2022000306,其他,4,4,no,yes,yes,1,6,7,1,5,5
萧国庆,2022000307,离家近,8,2,no,yes,no,4,1,7,5,2,4
王宇轩,2022000308,离家近,7,5,no,yes,no,1,3,4,5,5,3
吕国庆,2022000309,学校名誉,8,2,yes,no,yes,2,1,7,2,2,1
吴涛,2022000310,其他,5,5,yes,no,no,1,5,1,2,3,5
高浩宇,2022000311,其他,9,3,yes,yes,yes,5,2,2,5,4,5
韩洋,2022000312,离家近,8,5,no,yes,yes,4,1,4,4,3,4
韩宇轩,2022000313,专业,10,7,yes,no,no,2,1,2,2,1,1
傅浩轩,2022000314,离家近,2,4,yes,yes,yes,4,3,3,5,2,4
王桂英,2022000315,专业,10,3,no,no,yes,4,1,1,5,3,5
董志平,2022000316,离家近,5,1,yes,no,yes,3,3,1,1,2,4
何洋,2022000317,学校名誉,4,4,yes,yes,yes,5,6,7,5,1,5
叶芬,2022000318,离家近,10,5,yes,no,no,4,6,7,5,2,4
卢欣然,2022000319,离家近,2,2,yes,no,no,3,3,1,4,3,5
蔡云,2022000320,其他,3,5,no,yes,yes,3,7,6,4,4,1
谢军,2022000321,学校名誉,8,6,no,yes,no,4,6,2,4,4,5
沈雨轩,2022000322,离家近,9,6,yes,yes,no,5,1,5,5,1,3
蒋国强,2022000323,其他,3,5,yes,no,yes,4,3,2,1,4,3
丁雨泽,2022000324,其他,10,6,no,yes,no,5,4,2,5,1,1
谢欣诺,2022000325,离家近,2,5,no,yes,no,2,7,2,5,1,1
邓建华,2022000326,专业,8,6,yes,yes,no,1,7,5,1,3,5
曹建平,2022000327,其他,1,4,yes,no,yes,3,1,3,1,5,5
王平,2022000328,专业,10,5,no,no,yes,4,1,6,2,5,5
郭艳,2022000329,专业,1,4,no,no,yes,2,2,4,1,2,4
叶梦璐,2022000330,其他,5,6,yes,yes,yes,1,5,5,5,1,5
罗浩宇,2022000331,离家近,7,7,no,no,no,3,6,4,1,4,4
贾敏,2022000332,专业,8,3,no,yes,no,4,3,5,5,5,3
郭芳,2022000333,离家近,7,3,no,no,no,3,2,7,3,5,5
彭语涵,2022000334,学校名誉,3,5,yes,no,no,5,2,1,5,5,1
杨玲,2022000335,学校名誉,5,4,no,yes,yes,2,2,7,4,3,3
赵建军,2022000336,离家近,2,6,yes,no,no,2,5,4,4,2,3
于梦涵,2022000337,学校名誉,10,6,no,yes,yes,4,7,2,4,4,5
阎芬,2022000338,专业,9,7,no,yes,yes,4,3,5,3,3,3
马超,2022000339,离家近,1,3,yes,no,no,1,4,2,1,1,5
傅建华,2022000340,离家近,9,1,no,no,no,1,1,3,5,3,1
蒋娜,2022000341,学校名誉,10,5,no,yes,no,1,7,5,5,1,5
蒋云,2022000342,其他,2,7,yes,yes,yes,1,4,1,4,1,5
许平,2022000343,其他,10,1,yes,yes,yes,4,7,5,4,2,3
宋语涵,2022000344,学校名誉,5,1,no,no,yes,3,6,2,4,3,2
杨欣诺,2022000345,专业,7,6,no,no,yes,4,4,3,5,2,5
叶芳,2022000346,离家近,9,5,no,no,yes,4,6,2,3,5,3
蒋志国,2022000347,离家近,10,3,yes,no,no,3,1,7,5,4,4
程秀兰,2022000348,专业,2,2,no,yes,no,5,2,4,2,5,1
卢桂英,2022000349,离家近,2,2,no,yes,yes,1,6,2,2,4,1
梁刚,2022000350,离家近,9,4,yes,no,no,3,6,4,3,3,3
陈芳,2022000351,其他,8,2,no,no,yes,4,6,2,1,4,1
冯梦璐,2022000352,学校名誉,6,1,yes,no,no,4,3,3,1,3,2
程语蝶,2022000353,学校名誉,7,3,no,no,yes,4,3,3,4,1,1
黄浩宇,2022000354,学校名誉,2,1,no,no,yes,1,6,6,4,2,5
唐志国,2022000355,离家近,5,2,no,no,yes,5,1,3,4,3,1
曹明,2022000356,学校名誉,9,4,no,no,no,4,5,7,2,4,5
唐梦璐,2022000357,学校名誉,10,2,yes,yes,no,5,7,5,2,3,5
黄秀兰,2022000358,学校名誉,2,5,no,yes,yes,4,5,7,2,4,4
傅芬,2022000359,学校名誉,6,3,yes,yes,no,1,3,5,1,4,3
许建国,2022000360,其他,6,2,yes,yes,yes,2,6,2,3,3,1
邓国平,2022000361,离家近,5,5,no,yes,no,1,1,7,3,3,2
阎梦璐,2022000362,专业,2,1,no,no,no,2,3,5,3,2,5
孙建华,2022000363,其他,10,6,no,yes,no,4,5,6,5,3,3
马欣欣,2022000364,离家近,3,1,yes,yes,yes,5,6,2,3,5,1
罗建华,2022000365,学校名誉,5,1,no,yes,no,4,5,3,1,1,4
董敏,2022000366,其他,3,3,no,yes,yes,2,5,2,5,3,3
梁欣慧,2022000367,学校名誉,8,4,no,no,no,4,2,5,1,4,1
沈语蝶,2022000368,其他,4,6,no,yes,no,3,7,5,2,2,1
罗玲,2022000369,其他,6,3,yes,no,yes,1,6,1,2,3,4
周刚,2022000370,其他,5,4,no,no,no,3,1,1,5,2,2
刘云,2022000371,其他,1,7,yes,yes,yes,3,1,3,4,3,3
唐秀英,2022000372,专业,3,7,yes,no,no,2,4,2,3,5,1
魏梦茜,2022000373,专业,8,2,yes,yes,yes,4,3,6,4,1,3
冯建国,2022000374,学校名誉,9,7,yes,yes,no,4,7,2,4,5,5
朱国华,2022000375,离家近,9,4,no,no,no,1,4,3,1,3,5
董梦璐,2022000376,其他,4,6,yes,yes,no,5,2,2,2,5,4
谢语涵,2022000377,学校名誉,2,5,yes,no,no,2,7,4,5,1,4
萧平,2022000378,学校名誉,6,6,yes,no,no,4,6,1,5,2,1
曾欣怡,2022000379,专业,10,2,yes,yes,no,1,3,6,1,1,2
孙雨涵,2022000380,学校名誉,3,2,yes,yes,yes,1,3,6,5,4,3
邓欣悦,2022000381,专业,10,7,yes,no,no,2,3,2,1,4,2
赵雨晴,2022000382,专业,5,5,no,yes,no,5,4,1,3,2,3
魏梦涵,2022000383,专业,1,6,yes,no,yes,2,7,5,4,3,1
林梦璐,2022000384,学校名誉,8,4,yes,yes,no,4,7,5,5,2,2
马静,2022000385,专业,9,4,no,yes,no,1,7,5,2,3,4
梁敏,2022000386,学校名誉,6,6,no,yes,yes,3,1,6,5,5,4
曹玲,2022000387,其他,6,5,yes,no,no,2,4,4,5,3,3
吕志国,2022000388,其他,2,6,yes,yes,no,1,3,3,1,1,5
卢明,2022000389,专业,3,3,no,yes,yes,1,7,1,1,3,5
蒋欣宜,2022000390,专业,1,2,yes,yes,no,3,4,3,1,5,5
胡雨涵,2022000391,专业,10,7,yes,no,yes,1,5,6,1,4,5
韩梦琪,2022000392,学校名誉,2,4,no,no,yes,2,2,7,5,1,2
刘国平,2022000393,离家近,6,7,no,no,yes,3,1,1,3,5,3
赵强,2022000394,离家近,9,1,yes,yes,no,1,5,6,4,1,5
薛雨泽,2022000395,离家近,3,6,no,yes,yes,4,2,2,4,2,3
曹丽,2022000396,学校名誉,5,5,yes,no,yes,2,3,4,3,2,5
孙浩然,2022000397,离家近,1,5,no,no,yes,4,5,3,3,5,3
梁秀兰,2022000398,其他,9,3,no,yes,yes,3,4,5,3,3,3
彭秀兰,2022000399,学校名誉,2,6,yes,yes,yes,1,2,7,1,1,3
王欣悦,2022000400,学校名誉,10,6,no,no,yes,3,3,5,4,5,1
赵伟,2022000401,学校名誉,4,6,yes,no,no,2,3,7,5,2,5
贾娜,2022000402,离家近,3,4,no,no,yes,5,7,2,5,5,4
薛娟,2022000403,专业,5,4,yes,no,no,5,2,6,1,4,1
郭秀英,2022000404,离家近,7,1,yes,no,yes,4,7,3,2,4,4
曹涛,2022000405,专业,1,2,yes,no,no,1,5,1,5,5,1
薛语涵,2022000406,其他,9,4,no,no,no,3,6,7,5,1,3
吕超,2022000407,专业,9,3,no,yes,yes,4,6,7,5,1,4
蔡国文,2022000408,学校名誉,9,5,no,yes,no,1,3,5,2,4,1
彭浩宇,2022000409,学校名誉,1,3,yes,no,yes,2,3,2,3,4,3
吕芳,2022000410,其他,10,3,no,yes,yes,5,4,6,2,2,2
魏语蝶,2022000411,离家近,10,1,yes,yes,yes,4,3,5,3,2,3
苏志华,2022000412,离家近,9,5,no,no,no,2,7,7,2,3,2
何建平,2022000413,其他,5,2,yes,no,yes,5,2,2,2,1,4
董强,2022000414,离家近,1,7,yes,yes,yes,5,6,1,4,4,2
魏超,2022000415,专业,2,3,no,yes,no,5,2,2,5,4,5
许丽,2022000416,其他,7,7,no,no,yes,5,7,3,2,3,3
王志华,2022000417,专业,1,1,yes,yes,yes,1,5,1,2,3,4
董欣宜,2022000418,学校名誉,8,2,no,yes,no,2,4,7,3,1,5
丁宇轩,2022000419,学校名誉,7,3,no,no,no,3,3,6,1,2,1
蔡文,2022000420,离家近,8,3,yes,no,yes,1,1,4,1,2,2
彭志文,2022000421,学校名誉,3,7,yes,yes,yes,3,3,2,4,3,2
冯涛,2022000422,其他,7,4,no,yes,no,2,3,6,2,5,3
魏伟,2022000423,其他,1,4,no,yes,yes,1,3,1,3,2,1
梁欣欣,2022000424,离家近,8,1,no,no,no,2,4,6,3,4,5
林志强,2022000425,学校名誉,3,1,no,yes,no,1,2,3,3,2,3
蒋欣慧,2022000426,其他,7,3,no,yes,no,1,1,7,3,2,5
胡秀兰,2022000427,其他,10,4,yes,yes,no,1,5,3,1,1,4
高欣诺,2022000428,其他,1,2,no,yes,no,4,3,3,4,3,1
魏语晨,2022000429,专业,5,4,no,no,no,3,2,4,2,4,3
朱梦婷,2022000430,学校名誉,9,7,yes,no,no,3,1,6,1,5,4
蔡秀英,2022000431,离家近,2,3,no,yes,yes,5,1,4,3,1,4
赵建平,2022000432,其他,3,2,no,no,no,4,3,2,4,1,4
程雨涵,2022000433,其他,1,1,yes,no,no,4,4,5,4,1,5
胡雨轩,2022000434,其他,10,5,no,yes,yes,2,3,3,2,5,4
沈梦璐,2022000435,学校名誉,5,2,no,yes,no,5,1,2,3,2,3
袁伟,2022000436,离家近,3,3,no,yes,yes,2,2,5,4,2,5
沈秀英,2022000437,学校名誉,10,3,no,yes,yes,4,7,2,1,2,1
林欣悦,2022000438,离家近,9,5,yes,no,yes,2,2,1,2,5,4
韩梦茜,2022000439,其他,5,3,no,yes,no,3,7,3,2,1,5
蔡子豪,2022000440,其他,10,7,no,yes,yes,3,5,6,4,2,3
林霞,2022000441,专业,4,2,yes,yes,yes,4,3,2,2,5,5
胡浩然,2022000442,其他,7,7,yes,no,yes,1,2,3,3,4,2
苏雨泽,2022000443,专业,9,4,yes,yes,no,3,5,4,1,2,5
胡语蝶,2022000444,离家近,7,6,no,no,yes,3,6,5,2,2,1
蒋梦涵,2022000445,其他,6,4,no,no,no,1,5,5,2,4,3
萧语晨,2022000446,离家近,2,4,no,no,yes,4,3,3,4,4,4
叶志平,2022000447,学校名誉,7,1,yes,yes,no,4,7,4,4,3,4
郑子轩,2022000448,学校名誉,1,7,no,no,yes,5,1,3,1,3,2
孙超,2022000449,专业,1,3,yes,yes,no,4,2,6,5,4,4
于欣宜,2022000450,其他,2,4,no,no,yes,1,2,5,5,1,5
刘建军,2022000451,学校名誉,2,7,no,no,yes,1,6,1,5,3,2
吕磊,2022000452,其他,8,7,yes,no,no,1,3,4,4,1,2
刘文,2022000453,其他,9,3,yes,yes,yes,3,5,3,5,2,4
罗芬,2022000454,专业,7,7,yes,yes,no,3,7,1,3,3,4
胡志文,2022000455,学校名誉,10,2,yes,yes,yes,5,1,4,5,4,5
孙芬,2022000456,其他,7,5,yes,no,yes,2,3,5,3,5,2
阎建华,2022000457,其他,2,2,no,yes,no,3,6,5,3,5,5
吕建国,2022000458,离家近,6,4,yes,yes,no,2,2,4,4,1,4
谢娟,2022000459,学校名誉,5,3,yes,yes,yes,2,5,4,5,4,5
蔡语涵,2022000460,专业,9,2,yes,yes,no,3,2,4,1,3,2
于敏,2022000461,专业,8,4,yes,yes,no,1,1,3,4,3,3
曹浩然,2022000462,学校名誉,3,5,yes,yes,no,4,3,3,3,2,3
马雨晴,2022000463,离家近,7,6,yes,no,no,5,1,1,2,2,3
卢建平,2022000464,其他,1,6,no,no,no,4,5,7,3,4,5
曹语涵,2022000465,专业,8,5,yes,yes,yes,4,5,5,2,5,1
韩志华,2022000466,离家近,4,6,no,no,yes,2,3,2,3,3,1
阎欣悦,2022000467,离家近,6,3,no,no,no,4,4,2,4,2,1
吕云,2022000468,其他,8,6,yes,yes,yes,1,5,7,3,5,5
董子轩,2022000469,离家近,3,4,yes,no,yes,4,7,6,3,2,3
郭平,2022000470,学校名誉,6,5,yes,no,no,1,1,5,4,2,1
蒋建军,2022000471,专业,10,2,no,no,no,1,1,3,3,1,3
罗雨涵,2022000472,离家近,1,5,yes,no,no,1,5,5,4,1,2
朱浩然,2022000473,专业,6,5,yes,no,no,2,5,6,1,4,4
邓志华,2022000474,其他,9,1,no,no,no,1,3,1,2,5,3
蔡涛,2022000475,学校名誉,3,2,no,yes,yes,3,6,6,5,5,1
蒋国文,2022000476,学校名誉,10,7,yes,no,yes,1,7,3,4,1,4
宋雨欣,2022000477,专业,1,7,no,yes,no,3,2,4,4,2,5
唐欣悦,2022000478,学校名誉,3,3,yes,yes,no,3,4,5,1,5,4
曹云,2022000479,离家近,4,2,yes,yes,no,2,3,4,1,2,4
马建平,2022000480,其他,6,2,no,no,yes,2,3,1,4,5,2
周志文,2022000481,其他,4,2,no,yes,no,2,6,5,3,1,1
吴建华,2022000482,专业,10,7,no,no,no,1,7,2,3,1,1
邓语蝶,2022000483,其他,10,3,no,no,no,5,1,4,2,3,4
彭志平,2022000484,其他,3,4,yes,no,yes,2,7,7,1,3,5
曾雨泽,2022000485,离家近,2,3,yes,yes,yes,4,7,5,2,3,2
马建华,2022000486,其他,3,1,yes,yes,no,4,3,6,3,1,4
曾刚,2022000487,学校名誉,8,6,no,no,yes,4,2,3,1,4,5
张志国,2022000488,专业,5,5,yes,yes,no,5,2,7,1,4,3
苏丽,2022000489,其他,1,1,no,no,yes,1,7,6,2,4,1
许浩然,2022000490,学校名誉,1,7,yes,no,no,1,3,7,3,5,5
王欣诺,2022000491,学校名誉,8,4,no,yes,yes,4,1,5,3,4,5
沈刚,2022000492,学校名誉,3,2,no,no,yes,4,4,5,4,4,5
许欣怡,2022000493,离家近,7,3,no,no,no,4,2,3,1,2,3
朱浩轩,2022000494,学校名誉,8,4,no,no,yes,1,6,1,5,5,5
袁建军,2022000495,学校名誉,8,2,yes,no,no,5,5,3,5,5,5
林伟,2022000496,离家近,8,7,no,no,no,5,6,2,5,3,2
胡洋,2022000497,其他,9,5,no,no,yes,4,7,2,2,1,5
董刚,2022000498,离家近,5,3,yes,no,no,2,2,7,1,3,1
徐志华,2022000499,其他,4,1,no,yes,yes,1,6,2,2,5,4
卢梦婷,2022000500,学校名誉,4,6,no,no,no,4,3,3,5,4,1
胡平,2022000501,离家近,2,2,no,no,yes,1,5,3,3,3,4
邓秀英,2022000502,专业,10,6,yes,yes,no,5,1,6,3,3,3
曾志文,2022000503,离家近,5,4,no,yes,no,1,3,6,3,4,5
傅宇轩,2022000504,离家近,9,1,yes,yes,no,2,2,3,5,4,3
丁建军,2022000505,学校名誉,4,5,no,yes,no,1,3,1,4,4,1
梁静,2022000506,其他,6,4,no,yes,no,1,2,4,2,5,3
罗志国,2022000507,离家近,8,6,yes,yes,yes,1,1,6,4,3,2
孙雨欣,2022000508,专业,2,2,yes,yes,no,1,4,3,3,1,1
袁军,2022000509,学校名誉,8,4,yes,no,yes,5,4,5,3,3,1
杨宇轩,2022000510,其他,5,7,yes,no,yes,1,5,1,4,1,2
萧国文,2022000511,离家近,5,1,no,yes,yes,1,6,2,1,3,2
林语涵,2022000512,专业,8,6,yes,yes,yes,5,4,5,1,4,2
阎子轩,2022000513,专业,8,7,no,no,yes,1,4,7,3,3,4
赵丽,2022000514,离家近,3,3,yes,yes,yes,1,5,4,1,1,1
程梦茜,2022000515,专业,3,1,no,no,no,2,4,6,4,1,4
魏志国,2022000516,学校名誉,9,2,no,yes,yes,4,1,4,5,2,4
许芬,2022000517,专业,3,6,no,no,no,4,5,5,3,2,3
张明,2022000518,专业,7,7,yes,no,no,5,6,4,5,1,2
郑静,2022000519,其他,2,4,yes,yes,yes,1,7,3,5,3,5
何国平,2022000520,其他,8,3,yes,no,yes,3,7,4,3,1,5
黄国平,2022000521,专业,4,1,no,no,yes,5,3,6,2,2,2
杨勇,2022000522,专业,3,6,yes,yes,no,4,3,6,1,5,5
何涛,2022000523,学校名誉,3,1,yes,yes,no,2,3,5,2,3,1
吕秀英,2022000524,离家近,2,5,no,no,no,1,3,2,2,1,3
刘国庆,2022000525,专业,4,6,no,yes,yes,4,2,4,1,2,5
郭建平,2022000526,其他,2,6,yes,no,yes,3,5,4,3,5,4
杨芬,2022000527,学校名誉,7,1,yes,yes,yes,3,7,3,5,5,3
吕霞,2022000528,其他,3,4,yes,yes,no,1,5,6,4,5,2
程欣宜,2022000529,专业,10,4,yes,yes,yes,3,7,1,5,3,1
孙丽,2022000530,学校名誉,2,3,no,no,yes,1,3,3,4,5,5
何娜,2022000531,其他,8,3,yes,yes,yes,2,1,7,5,5,1
沈超,2022000532,专业,3,1,yes,no,no,2,1,4,3,5,2
宋洋,2022000533,其他,3,4,yes,yes,no,2,2,5,2,5,1
曹语晨,2022000534,其他,1,2,no,no,no,5,7,4,2,2,5
蔡浩宇,2022000535,其他,3,6,yes,yes,yes,2,1,4,1,5,2
刘强,2022000536,其他,10,7,no,yes,no,5,2,5,4,1,5
高建平,2022000537,其他,8,2,no,no,yes,4,5,1,5,2,1
吴云,2022000538,专业,6,6,yes,no,yes,5,5,1,5,1,4
刘梦璐,2022000539,离家近,2,6,yes,yes,yes,5,1,1,4,5,5
宋敏,2022000540,专业,9,6,no,yes,no,1,1,4,1,5,2
曹宇轩,2022000541,其他,9,4,yes,yes,yes,5,2,6,4,4,1
宋刚,2022000542,专业,4,3,no,yes,yes,1,3,1,5,2,2
傅志国,2022000543,其他,7,7,yes,no,yes,5,1,7,4,4,1
梁梦茜,2022000544,离家近,7,6,no,yes,yes,5,4,5,3,5,2
于浩宇,2022000545,学校名誉,9,2,no,yes,yes,4,2,7,2,5,2
谢国平,2022000546,专业,8,7,no,yes,no,1,7,5,4,4,2
叶浩轩,2022000547,离家近,5,6,yes,no,no,5,4,6,3,4,3
萧浩宇,2022000548,其他,1,5,no,yes,no,1,2,6,3,3,4
魏雨欣,2022000549,其他,9,2,yes,yes,no,5,3,4,3,5,3
曹子豪,2022000550,其他,9,4,no,no,no,1,2,6,2,5,3
郑欣慧,2022000551,离家近,2,6,no,yes,no,2,7,2,1,4,2
马杰,2022000552,学校名誉,9,6,no,yes,no,3,7,3,5,4,5
董霞,2022000553,专业,7,1,no,no,yes,5,7,7,5,4,4
沈梦琪,2022000554,其他,9,6,no,yes,no,1,5,7,2,5,4
傅玲,2022000555,学校名誉,4,2,no,no,no,2,1,7,2,4,2
梁梦琪,2022000556,专业,6,3,yes,no,yes,2,2,6,5,4,1
邓超,2022000557,学校名誉,10,3,yes,yes,no,2,7,4,2,2,4
袁强,2022000558,学校名誉,8,5,yes,yes,no,5,4,1,4,4,3
林欣欣,2022000559,离家近,6,7,yes,yes,no,1,6,2,1,3,2
高语蝶,2022000560,专业,2,5,no,no,yes,2,7,1,1,2,3
萧雨轩,2022000561,专业,2,7,yes,no,no,4,7,7,4,3,1
黄建国,2022000562,其他,8,3,no,yes,yes,4,7,6,1,5,5
宋国文,2022000563,其他,3,1,yes,yes,yes,5,6,4,1,5,5
蔡桂英,2022000564,其他,6,1,no,no,no,3,5,3,4,3,1
胡国文,2022000565,专业,8,3,yes,yes,no,5,3,5,4,1,3
赵梦涵,2022000566,学校名誉,9,7,no,no,yes,3,2,1,2,4,1
萧建平,2022000567,专业,6,7,yes,yes,yes,4,5,2,1,2,5
宋芬,2022000568,学校名誉,4,4,yes,yes,yes,4,4,6,4,5,3
曾艳,2022000569,学校名誉,10,1,yes,yes,yes,5,2,6,1,4,5
贾子豪,2022000570,离家近,1,2,yes,no,yes,5,3,4,1,4,2
傅雨泽,2022000571,专业,1,2,yes,yes,no,2,3,4,1,3,3
林勇,2022000572,学校名誉,10,1,yes,yes,yes,2,5,1,2,4,5
蒋国华,2022000573,专业,8,6,no,yes,no,1,3,5,4,2,4
徐伟,2022000574,学校名誉,4,7,no,yes,yes,3,2,7,3,5,3
曹欣怡,2022000575,离家近,9,5,yes,no,no,5,7,3,2,4,4
彭浩轩,2022000576,学校名誉,5,7,no,yes,yes,1,7,5,2,3,3
何丽,2022000577,学校名誉,8,1,yes,yes,yes,4,5,5,2,3,3
杨娜,2022000578,专业,2,3,yes,yes,yes,1,6,1,5,3,5
林梦涵,2022000579,专业,8,4,no,yes,yes,1,1,4,3,2,2
于志文,2022000580,学校名誉,1,7,yes,no,yes,5,7,7,2,3,1
曹欣然,2022000581,其他,4,7,no,no,no,2,7,6,4,2,4
周雨晴,2022000582,学校名誉,8,7,no,yes,no,3,4,4,1,2,3
蒋娟,2022000583,离家近,10,5,yes,no,yes,5,3,1,3,2,5
苏玲,2022000584,其他,5,5,yes,no,yes,4,6,2,5,1,3
卢军,2022000585,离家近,6,1,yes,no,yes,2,3,1,3,3,4
吴平,2022000586,专业,4,1,no,no,no,2,2,5,1,2,1
胡浩轩,2022000587,离家近,8,6,yes,no,no,4,5,4,2,3,4
蔡梦婷,2022000588,学校名誉,10,6,yes,yes,no,4,2,3,4,5,5
张文,2022000589,学校名誉,5,4,no,yes,no,2,5,4,1,5,4
徐磊,2022000590,离家近,7,5,no,no,yes,5,6,4,3,4,4
唐洋,2022000591,其他,3,5,no,yes,no,4,7,1,5,3,1
薛艳,2022000592,专业,10,6,no,no,yes,3,5,7,3,3,3
朱平,2022000593,离家近,9,2,no,yes,yes,1,4,3,2,1,3
王强,2022000594,离家近,8,4,no,no,no,1,3,1,1,1,3
沈子豪,2022000595,专业,4,1,yes,no,yes,1,3,2,4,3,3
邓刚,2022000596,学校名誉,7,3,no,no,no,3,3,5,3,2,3
唐欣然,2022000597,学校名誉,8,5,yes,yes,yes,3,5,3,2,2,2
吕伟,2022000598,其他,5,2,yes,no,yes,5,4,2,5,1,1
胡欣悦,2022000599,其他,10,3,no,yes,no,1,6,7,5,3,3
袁云,2022000600,学校名誉,5,7,yes,yes,no,3,6,5,1,4,1
卢秀英,2022000601,其他,4,6,yes,no,no,1,5,7,5,3,2
傅国强,2022000602,学校名誉,5,6,no,yes,no,1,7,1,3,4,2
吕浩宇,2022000603,离家近,9,2,no,yes,no,4,1,6,2,4,1
梁国平,2022000604,专业,7,4,yes,no,yes,2,1,6,4,4,4
董伟,2022000605,专业,9,6,no,yes,no,2,5,3,1,3,5
李欣然,2022000606,离家近,1,2,no,no,yes,1,6,3,3,4,5
谢国庆,2022000607,学校名誉,3,6,yes,yes,no,2,5,6,4,3,1
黄浩轩,2022000608,学校名誉,5,2,yes,no,no,2,1,7,4,2,5
谢建国,2022000609,其他,5,7,yes,yes,yes,4,3,5,5,1,4
彭欣慧,2022000610,专业,5,2,no,no,yes,2,2,7,2,1,3
梁志华,2022000611,专业,7,4,yes,no,no,1,1,2,2,3,1
梁国强,2022000612,其他,4,4,yes,no,yes,5,2,6,2,3,2
张浩然,2022000613,专业,6,2,yes,yes,no,4,5,6,1,2,4
沈浩轩,2022000614,学校名誉,10,1,no,yes,no,2,2,7,2,3,5
林志国,2022000615,离家近,10,5,yes,yes,yes,1,2,1,5,4,2
傅欣诺,2022000616,学校名誉,3,6,yes,yes,no,3,3,4,3,3,4
刘欣宜,2022000617,学校名誉,7,1,no,no,no,1,2,5,4,4,5
孙子豪,2022000618,其他,6,2,yes,yes,yes,2,5,2,2,1,3
程杰,2022000619,离家近,4,7,no,no,yes,5,2,2,1,5,5
萧桂英,2022000620,专业,10,3,yes,no,no,4,5,5,3,4,4
宋雨轩,2022000621,学校名誉,9,4,no,no,yes,5,4,2,2,2,2
宋浩天,2022000622,专业,5,6,no,yes,no,4,5,5,2,5,3
邓磊,2022000623,专业,9,3,no,no,no,4,2,2,4,3,1
邓杰,2022000624,离家近,2,3,yes,yes,no,3,5,5,1,4,2
唐丽,2022000625,离家近,8,7,no,no,yes,4,5,6,2,3,5
冯志华,2022000626,专业,3,7,no,no,yes,2,2,6,1,4,2
张建国,2022000627,学校名誉,2,7,yes,no,no,1,4,5,2,3,2
丁欣宜,2022000628,专业,4,4,yes,yes,yes,4,6,4,5,4,5
徐娟,2022000629,学校名誉,10,6,yes,yes,yes,2,4,2,4,2,4
何欣然,2022000630,其他,7,5,yes,yes,yes,3,4,5,2,2,3
宋勇,2022000631,学校名誉,3,2,yes,no,no,4,4,6,1,3,1
薛丽,2022000632,离家近,7,6,yes,yes,no,5,3,6,3,2,4
刘国华,2022000633,离家近,3,5,yes,no,yes,3,7,6,1,1,2
唐子轩,2022000634,专业,5,4,no,no,no,2,1,5,3,3,2
郑雨涵,2022000635,专业,4,4,no,yes,yes,3,6,3,5,4,4
唐浩轩,2022000636,专业,9,7,yes,no,yes,1,3,2,3,2,3
唐国平,2022000637,学校名誉,4,6,yes,yes,yes,3,4,2,3,1,1
赵艳,2022000638,专业,5,4,no,no,yes,2,6,3,3,5,3
曹桂英,2022000639,学校名誉,1,4,no,no,no,5,6,4,1,5,4
沈梦茜,2022000640,其他,9,1,no,yes,no,1,6,7,2,2,4
吴磊,2022000641,专业,5,6,no,yes,yes,5,1,1,5,1,1
陈欣怡,2022000642,学校名誉,7,7,no,yes,yes,2,3,1,2,2,5
许建平,2022000643,其他,7,1,no,yes,no,2,6,1,2,5,5
薛建国,2022000644,离家近,6,4,yes,yes,no,4,1,1,2,2,5
李雨欣,2022000645,学校名誉,10,7,no,no,no,3,3,7,2,2,1
傅勇,2022000646,学校名誉,7,3,yes,no,no,5,6,3,2,5,4
黄志强,2022000647,专业,9,7,no,yes,no,2,3,4,1,3,2
萧敏,2022000648,其他,8,5,yes,yes,yes,5,1,7,2,2,5
曾浩轩,2022000649,离家近,3,5,no,yes,yes,2,3,6,5,3,5
刘雨欣,2022000650,专业,3,2,no,yes,yes,4,7,5,4,1,4
丁志国,2022000651,专业,4,5,yes,no,yes,3,4,6,3,1,5
许建军,2022000652,其他,5,3,yes,yes,no,1,3,5,5,3,5
丁伟,2022000653,学校名誉,2,5,no,no,yes,1,4,3,1,5,2
吕军,2022000654,其他,10,3,no,no,yes,2,1,4,5,4,3
彭娟,2022000655,其他,1,1,yes,no,yes,1,5,5,1,4,3
何雨欣,2022000656,其他,10,3,no,yes,yes,5,7,3,5,1,5
魏明,2022000657,学校名誉,10,1,no,yes,yes,2,7,6,1,5,5
薛欣慧,2022000658,其他,9,4,no,yes,yes,4,3,3,4,2,1
丁欣欣,2022000659,其他,2,3,yes,no,yes,1,3,2,1,3,1
沈浩宇,2022000660,学校名誉,1,4,yes,yes,no,4,5,4,5,5,1
周欣欣,2022000661,离家近,2,7,no,no,no,4,3,1,1,2,2
苏磊,2022000662,离家近,1,6,no,no,no,2,6,7,2,5,3
谢雨轩,2022000663,学校名誉,5,7,no,yes,no,5,7,7,2,2,4
郑欣怡,2022000664,专业,9,1,yes,no,no,2,3,5,1,4,1
曾欣欣,2022000665,离家近,10,1,yes,no,yes,4,3,1,5,2,5
叶云,2022000666,专业,9,7,yes,yes,no,5,4,6,5,3,5
徐桂兰,2022000667,离家近,3,7,yes,yes,no,4,2,7,1,5,2
吕丽,2022000668,学校名誉,6,7,no,yes,no,5,7,7,3,2,3
韩建军,2022000669,离家近,10,7,no,no,yes,3,7,4,2,1,2
蒋强,2022000670,学校名誉,2,4,no,no,yes,5,2,7,2,3,2
徐洋,2022000671,学校名誉,2,1,yes,yes,no,3,6,4,5,1,5
郭欣宜,2022000672,专业,5,4,yes,yes,no,4,7,2,3,1,2
梁磊,2022000673,学校名誉,5,4,yes,yes,no,3,7,2,2,4,3
袁梦璐,2022000674,学校名誉,8,7,yes,no,no,4,2,6,4,4,5
刘浩天,2022000675,专业,8,4,no,yes,no,4,6,4,5,1,5
张平,2022000676,专业,4,4,no,no,no,1,7,6,3,5,1
贾文,2022000677,学校名誉,10,5,yes,no,no,4,5,6,1,3,1
沈静,2022000678,其他,1,5,no,no,no,3,1,2,1,3,5
魏建军,2022000679,专业,6,4,yes,no,no,5,1,1,3,1,4
黄语蝶,2022000680,学校名誉,8,3,yes,yes,no,4,4,7,1,3,3
阎平,2022000681,其他,1,4,yes,yes,yes,4,3,3,2,5,4
董雨欣,2022000682,其他,10,2,yes,no,yes,1,1,6,2,3,5
李志国,2022000683,学校名誉,5,7,no,no,no,3,6,6,1,1,4
程雨泽,2022000684,专业,10,5,no,no,yes,5,3,2,1,1,4
罗梦璐,2022000685,学校名誉,5,6,no,no,yes,5,6,4,1,1,5
蒋国庆,2022000686,其他,6,3,no,no,no,1,5,3,2,4,5
薛志国,2022000687,离家近,4,1,yes,no,yes,4,7,3,5,2,5
萧雨涵,2022000688,其他,1,5,yes,yes,yes,2,7,2,1,4,4
苏志文,2022000689,其他,3,5,yes,no,yes,1,7,2,4,2,1
于志国,2022000690,专业,5,5,no,yes,no,3,3,4,3,1,5
郑志国,2022000691,专业,8,4,yes,yes,no,4,3,7,4,5,3
马志华,2022000692,学校名誉,2,6,no,yes,no,3,4,7,3,1,2
程丽,2022000693,其他,4,5,yes,yes,yes,3,6,2,2,2,2
沈云,2022000694,专业,8,5,yes,no,yes,2,3,4,2,3,4
郑雨泽,2022000695,其他,9,2,no,yes,no,4,6,4,2,2,5
邓霞,2022000696,离家近,9,7,yes,no,no,4,4,6,4,5,5
徐浩然,2022000697,学校名誉,6,6,yes,no,no,1,6,3,4,5,3
吕梦涵,2022000698,专业,9,5,no,no,yes,5,5,5,4,3,1
韩欣怡,2022000699,学校名誉,10,7,yes,yes,no,1,2,7,1,2,1
罗涛,2022000700,专业,2,6,no,no,yes,5,7,2,1,5,1
邓语涵,2022000701,学校名誉,6,1,yes,yes,yes,1,2,6,5,4,4
张丽,2022000702,学校名誉,2,4,no,no,yes,3,6,1,2,3,2
胡桂英,2022000703,学校名誉,10,5,yes,yes,no,2,7,2,2,4,1
梁伟,2022000704,专业,1,1,yes,no,no,4,4,4,1,1,3
陈国平,2022000705,其他,10,7,yes,yes,yes,2,6,1,5,4,2
吴语晨,2022000706,学校名誉,2,1,yes,no,no,3,5,2,4,2,4
郭勇,2022000707,专业,4,1,no,yes,yes,4,4,2,4,3,1
吕欣悦,2022000708,专业,9,2,yes,no,no,5,4,7,5,1,5
吕欣然,2022000709,专业,6,1,no,yes,no,2,6,1,3,5,3
梁桂英,2022000710,离家近,6,4,yes,yes,yes,2,6,4,4,2,5
许强,2022000711,离家近,1,7,yes,no,no,1,3,4,3,2,5
程建军,2022000712,离家近,5,3,no,yes,no,5,7,7,5,4,5
沈雨泽,2022000713,专业,6,1,no,yes,yes,1,3,6,4,2,1
沈建平,2022000714,专业,6,5,no,no,no,1,5,5,2,1,3
宋语蝶,2022000715,学校名誉,2,1,no,yes,yes,5,3,7,3,3,2
傅志文,2022000716,专业,10,4,yes,yes,no,1,6,6,1,2,5
刘志强,2022000717,学校名誉,5,4,yes,yes,yes,2,4,6,4,2,4
萧娜,2022000718,离家近,5,2,yes,yes,no,4,1,6,2,1,1
何国庆,2022000719,专业,6,2,no,yes,yes,4,4,2,5,4,4
谢雨涵,2022000720,专业,8,7,no,yes,yes,5,4,1,1,5,5
魏勇,2022000721,其他,10,2,no,yes,no,5,1,6,4,4,1
谢子豪,2022000722,其他,9,2,yes,no,no,2,6,2,5,5,2
彭梦婷,2022000723,专业,8,4,yes,no,no,3,1,1,3,2,2
郭国平,2022000724,学校名誉,6,1,yes,yes,yes,2,3,2,1,1,3
薛敏,2022000725,专业,10,7,yes,no,yes,4,5,7,3,4,1
于志华,2022000726,学校名誉,7,6,yes,yes,yes,3,3,2,5,5,5
赵秀兰,2022000727,其他,2,1,no,yes,yes,1,5,4,1,3,2
薛娜,2022000728,离家近,1,5,no,yes,yes,1,1,1,5,4,5
郑建华,2022000729,其他,8,3,no,yes,no,5,2,2,2,5,1
杨子轩,2022000730,专业,3,5,no,yes,no,1,7,7,3,2,4
吕娜,2022000731,其他,2,7,no,no,yes,2,2,1,2,3,2
高桂兰,2022000732,专业,2,7,no,no,no,3,2,5,5,2,2
周玲,2022000733,离家近,4,5,no,no,yes,5,6,7,1,3,2
吴子轩,2022000734,学校名誉,7,5,yes,yes,yes,1,2,2,4,4,2
薛欣诺,2022000735,其他,2,1,yes,yes,yes,3,7,4,2,2,5
朱欣诺,2022000736,离家近,9,7,yes,no,no,3,5,6,5,5,3
高欣欣,2022000737,离家近,8,3,no,no,no,4,1,2,1,2,2
徐建国,2022000738,其他,8,7,yes,yes,yes,2,5,2,1,1,5
程志平,2022000739,离家近,5,7,no,yes,no,1,2,5,5,4,2
吴梦璐,2022000740,专业,2,2,yes,yes,yes,1,6,6,4,1,1
沈国华,2022000741,学校名誉,9,4,yes,no,no,5,5,3,2,1,3
叶秀英,2022000742,离家近,9,6,no,yes,yes,5,2,6,2,1,2
林敏,2022000743,离家近,7,2,yes,yes,yes,5,7,7,4,4,5
王语涵,2022000744,离家近,7,7,no,no,no,5,7,2,2,5,5
程娟,2022000745,专业,9,5,yes,no,no,4,4,3,4,5,4
朱子轩,2022000746,学校名誉,5,5,no,yes,yes,3,1,6,2,5,2
丁娟,2022000747,其他,5,7,yes,no,no,1,2,6,3,2,3
林欣怡,2022000748,专业,8,7,yes,yes,no,4,7,2,2,3,2
孙梦璐,2022000749,其他,3,7,yes,yes,yes,1,1,5,1,3,5
谢雨欣,2022000750,学校名誉,5,2,no,yes,no,3,5,1,1,5,3
林雨轩,2022000751,专业,7,5,no,no,yes,2,1,7,5,4,2
魏文,2022000752,专业,3,2,yes,no,yes,4,1,5,2,2,3
王敏,2022000753,专业,3,7,yes,no,no,2,2,3,4,3,3
贾欣悦,2022000754,专业,4,1,no,no,yes,3,2,7,5,5,1
冯雨泽,2022000755,专业,4,7,no,no,no,1,7,7,4,4,5
傅雨晴,2022000756,其他,6,7,yes,no,no,1,2,4,5,2,4
韩志强,2022000757,专业,2,2,no,no,yes,4,2,1,4,5,2
韩雨泽,2022000758,学校名誉,10,2,yes,no,no,3,7,6,3,2,2
谢涛,2022000759,学校名誉,2,1,yes,no,yes,3,7,4,2,4,4
冯国平,2022000760,专业,5,7,yes,no,no,5,6,4,5,1,4
蔡雨轩,2022000761,专业,3,6,yes,no,no,3,3,4,4,4,2
彭杰,2022000762,其他,6,5,no,yes,yes,4,1,5,4,5,1
马雨泽,2022000763,学校名誉,8,4,yes,no,no,2,2,2,2,1,3
蒋磊,2022000764,其他,5,7,yes,no,no,4,2,2,4,5,1
郑文,2022000765,其他,3,4,yes,yes,yes,1,3,3,2,1,3
阎刚,2022000766,专业,5,2,yes,no,yes,5,7,2,2,5,2
谢建华,2022000767,专业,5,2,yes,no,yes,4,1,2,5,4,2
胡文,2022000768,专业,9,4,yes,no,no,2,4,7,4,3,5
谢伟,2022000769,专业,6,6,yes,no,yes,3,6,2,3,3,3
袁霞,2022000770,离家近,6,2,no,no,no,1,1,2,1,5,2
朱欣欣,2022000771,学校名誉,9,6,yes,no,no,5,4,2,1,1,5
徐建华,2022000772,离家近,2,3,yes,no,no,1,4,6,2,3,5
韩国平,2022000773,其他,8,5,yes,yes,yes,2,3,7,2,4,5
苏欣宜,2022000774,学校名誉,10,4,yes,no,no,5,6,7,4,3,5
何梦婷,2022000775,其他,6,7,no,yes,no,5,1,6,2,1,1
李欣悦,2022000776,专业,7,7,no,no,no,5,6,7,3,5,4
罗志平,2022000777,其他,6,4,no,yes,yes,3,1,7,1,2,5
杨志文,2022000778,离家近,1,5,yes,no,no,4,4,3,2,3,2
苏欣诺,2022000779,学校名誉,6,2,no,no,no,2,4,5,3,3,3
王伟,2022000780,专业,6,2,no,yes,yes,4,6,5,4,5,5
卢雨涵,2022000781,离家近,5,6,yes,yes,yes,2,6,2,1,3,2
梁雨涵,2022000782,其他,6,2,no,yes,yes,3,4,6,1,5,3
于涛,2022000783,离家近,5,3,yes,yes,no,5,2,5,4,2,3
杨明,2022000784,专业,10,6,yes,no,yes,3,7,5,4,1,4
吴欣宜,2022000785,学校名誉,6,2,yes,yes,yes,5,6,4,5,3,3
曾超,2022000786,专业,5,1,no,no,yes,4,1,6,5,1,4
吕建华,2022000787,离家近,10,6,yes,no,no,4,1,3,4,3,4
苏梦茜,2022000788,学校名誉,5,7,yes,yes,no,3,4,2,5,1,4
卢梦涵,2022000789,学校名誉,10,4,yes,yes,no,5,1,6,1,2,1
魏建平,2022000790,专业,5,1,yes,yes,no,1,6,1,4,2,4
程志文,2022000791,学校名誉,4,6,yes,yes,no,1,4,2,1,1,1
黄国华,2022000792,离家近,3,2,yes,no,no,5,2,4,1,3,2
王国华,2022000793,离家近,4,1,yes,yes,no,1,1,3,1,1,1
赵建国,2022000794,学校名誉,4,4,no,no,yes,4,3,7,4,1,4
刘浩宇,2022000795,离家近,7,1,no,yes,yes,5,7,3,4,2,2
赵雨泽,2022000796,离家近,9,4,yes,yes,yes,2,1,5,2,5,1
杨伟,2022000797,学校名誉,3,2,yes,yes,no,3,3,6,4,3,5
阎雨轩,2022000798,离家近,8,5,yes,yes,no,3,6,6,3,3,3
于洋,2022000799,其他,1,7,no,no,yes,1,7,7,4,2,2
王丽,2022000800,离家近,3,7,no,no,no,5,5,4,5,2,3
林浩轩,2022000801,专业,5,7,no,no,yes,4,2,2,2,4,4
王洋,2022000802,学校名誉,7,6,no,no,yes,4,4,7,4,1,2
董丽,2022000803,专业,8,5,yes,no,yes,3,1,7,2,2,4
唐雨轩,2022000804,学校名誉,10,4,no,yes,yes,3,4,2,1,3,3
吕杰,2022000805,学校名誉,1,2,yes,yes,yes,2,3,4,1,5,3
蒋梦婷,2022000806,专业,5,5,no,no,no,1,2,2,2,1,3
卢伟,2022000807,专业,7,7,no,yes,no,5,1,1,2,4,3
沈杰,2022000808,专业,5,3,no,no,no,5,2,7,1,3,4
陈娟,2022000809,其他,9,6,no,yes,no,4,1,2,4,4,2
薛志华,2022000810,离家近,7,4,yes,no,yes,1,1,4,5,4,5
张芬,2022000811,其他,1,5,no,yes,yes,3,4,2,3,2,1
罗浩天,2022000812,其他,4,7,no,yes,no,3,2,5,1,4,2
许娜,2022000813,其他,9,1,yes,yes,no,2,2,4,1,3,4
罗伟,2022000814,其他,5,3,no,no,no,4,5,6,1,2,2
李欣慧,2022000815,专业,10,6,yes,no,no,2,3,6,2,3,1
吕玲,2022000816,离家近,4,5,no,yes,yes,2,1,3,2,1,4
唐静,2022000817,学校名誉,1,6,yes,no,no,3,2,2,4,4,4
谢浩然,2022000818,专业,3,1,yes,no,no,3,4,7,5,2,1
张欣怡,2022000819,专业,10,3,yes,yes,yes,4,1,3,4,5,4
杨雨晴,2022000820,专业,2,6,yes,yes,yes,3,7,4,4,5,5
孙伟,2022000821,离家近,9,5,no,no,no,4,6,6,2,3,4
董雨晴,2022000822,学校名誉,6,1,yes,no,yes,3,2,2,1,1,4
苏军,2022000823,其他,4,2,no,yes,yes,4,5,7,1,1,3
丁建平,2022000824,其他,6,6,yes,yes,yes,5,4,5,1,1,1
林雨泽,2022000825,其他,1,4,yes,yes,no,5,5,6,3,2,5
阎语蝶,2022000826,其他,8,2,yes,yes,yes,5,6,3,3,1,3
黄志平,2022000827,离家近,5,2,no,yes,no,3,4,5,2,3,1
郑秀英,2022000828,专业,4,6,yes,no,yes,1,5,7,1,2,1
马建军,2022000829,专业,10,3,no,no,yes,5,7,3,2,3,5
阎宇轩,2022000830,学校名誉,4,3,yes,yes,no,2,6,1,1,2,4
薛国文,2022000831,其他,1,4,yes,no,no,3,5,4,4,4,2
赵云,2022000832,其他,9,2,yes,no,no,2,5,3,2,5,3
于刚,2022000833,专业,9,6,no,no,no,1,6,6,3,1,1
周丽,2022000834,离家近,8,5,no,yes,no,1,5,3,5,4,1
于梦琪,2022000835,专业,3,4,no,no,yes,5,2,1,1,1,4
马志强,2022000836,其他,2,4,no,yes,yes,5,1,5,2,2,5
董雨涵,2022000837,专业,4,6,yes,yes,yes,5,7,4,3,4,1
黄志华,2022000838,学校名誉,1,7,yes,no,yes,2,7,1,1,4,5
魏秀兰,2022000839,离家近,2,5,no,yes,no,5,5,6,1,4,5
赵刚,2022000840,离家近,9,7,yes,no,no,1,1,3,3,3,4
高玲,2022000841,学校名誉,3,4,no,no,no,4,3,2,5,3,5
胡勇,2022000842,离家近,5,4,yes,yes,yes,4,3,6,5,2,1
曹建华,2022000843,学校名誉,4,5,no,yes,yes,5,7,6,1,5,1
贾芳,2022000844,其他,8,3,yes,yes,yes,3,5,4,1,4,5
萧欣诺,2022000845,学校名誉,3,1,no,no,no,1,5,1,4,4,3
郭欣诺,2022000846,离家近,3,7,yes,no,yes,1,3,1,5,3,3
彭建华,2022000847,专业,1,3,no,yes,yes,5,7,5,1,3,1
丁敏,2022000848,其他,10,4,no,yes,yes,2,1,4,3,4,4
高超,2022000849,其他,7,7,yes,no,yes,2,7,2,4,4,5
吴芳,2022000850,其他,10,4,no,yes,no,4,3,6,4,3,4
傅欣慧,2022000851,学校名誉,3,7,yes,no,no,1,1,7,1,2,4
曾志强,2022000852,专业,5,5,yes,no,yes,2,5,2,5,3,5
卢娟,2022000853,其他,1,1,no,no,no,4,5,7,5,2,4
邓雨泽,2022000854,专业,10,2,no,no,yes,2,2,7,1,1,3
郑雨晴,2022000855,其他,6,4,yes,yes,no,5,5,3,3,3,2
萧勇,2022000856,学校名誉,3,2,yes,yes,no,2,4,2,4,4,4
高云,2022000857,离家近,2,2,no,no,no,1,7,7,3,5,2
吕雨轩,2022000858,其他,7,4,yes,yes,yes,4,1,4,4,2,1
张浩宇,2022000859,离家近,9,7,yes,no,yes,5,1,3,2,2,2
孙静,2022000860,学校名誉,6,1,no,no,no,1,7,2,3,5,3
郑语蝶,2022000861,专业,4,3,no,yes,yes,2,4,7,2,1,3
梁杰,2022000862,其他,6,3,no,no,yes,3,6,6,1,5,3
林欣诺,2022000863,学校名誉,7,5,yes,no,no,4,6,7,2,5,4
傅浩然,2022000864,专业,2,3,yes,yes,yes,4,1,4,2,4,5
陈建军,2022000865,专业,6,1,yes,yes,no,5,4,4,4,5,1
杨志强,2022000866,离家近,8,3,yes,no,no,5,4,5,5,4,5
薛欣欣,2022000867,离家近,3,2,no,no,no,1,6,6,3,5,5
林玲,2022000868,学校名誉,5,4,yes,no,yes,3,7,6,4,5,1
董欣悦,2022000869,学校名誉,8,7,no,yes,no,2,1,6,3,2,1
曾静,2022000870,离家近,6,6,yes,yes,no,4,2,6,3,1,3
郑玲,2022000871,学校名誉,8,7,yes,no,no,3,5,7,2,5,3
吕平,2022000872,其他,7,7,no,yes,no,2,5,6,2,4,1
吴桂兰,2022000873,离家近,4,4,no,yes,yes,2,6,6,1,1,5
李芬,2022000874,其他,9,3,yes,yes,no,3,7,3,1,1,2
苏建军,2022000875,学校名誉,2,5,yes,yes,no,1,4,6,2,3,5
程艳,2022000876,专业,5,5,no,no,yes,3,4,7,3,1,5
孙雨泽,2022000877,离家近,4,1,no,yes,no,2,7,1,1,2,4
韩建华,2022000878,其他,3,5,no,yes,yes,2,7,6,1,1,3
叶浩然,2022000879,其他,4,7,yes,yes,yes,5,7,3,3,3,3
蔡平,2022000880,其他,7,7,yes,no,no,1,5,1,5,2,1
刘玲,2022000881,其他,4,7,no,no,yes,3,1,2,2,4,1
王雨轩,2022000882,离家近,3,4,yes,yes,yes,1,5,6,5,4,2
刘欣诺,2022000883,专业,9,5,yes,no,yes,4,1,4,1,3,5
杨雨涵,2022000884,学校名誉,8,2,yes,yes,no,5,5,6,4,5,1
彭文,2022000885,专业,3,1,no,no,no,2,7,4,4,5,4
卢国文,2022000886,离家近,3,3,yes,no,no,2,4,1,2,4,2
郭子轩,2022000887,其他,6,2,no,yes,yes,3,5,1,4,3,5
彭涛,2022000888,学校名誉,4,4,yes,no,yes,5,4,7,3,1,3
傅平,2022000889,离家近,2,4,no,no,no,4,4,6,1,1,2
徐丽,2022000890,学校名誉,8,3,yes,no,no,3,5,4,2,4,2
张浩天,2022000891,学校名誉,3,4,yes,no,no,1,6,7,1,1,4
韩浩天,2022000892,学校名誉,2,5,no,no,yes,3,3,3,1,1,2
丁梦璐,2022000893,其他,8,3,no,yes,no,5,6,6,5,5,5
周浩然,2022000894,其他,4,2,yes,yes,no,2,3,7,2,5,1
朱志华,2022000895,其他,5,4,yes,yes,yes,4,2,4,1,4,2
刘芳,2022000896,其他,7,5,yes,yes,yes,1,1,7,4,3,4
胡建国,2022000897,专业,4,4,yes,no,yes,5,5,3,1,3,1
刘超,2022000898,其他,4,2,no,yes,no,1,1,3,2,3,1
许国华,2022000899,学校名誉,5,7,no,no,no,4,1,2,4,3,1
赵国文,2022000900,其他,4,5,yes,no,yes,3,4,5,2,4,2
郭建华,2022000901,学校名誉,1,4,yes,no,no,3,6,3,3,5,5
萧浩轩,2022000902,离家近,8,6,no,yes,yes,4,5,6,4,1,1
曹敏,2022000903,学校名誉,10,4,yes,no,yes,1,1,7,1,3,5
林国华,2022000904,其他,2,5,yes,no,no,1,1,1,4,1,4
宋雨泽,2022000905,离家近,8,6,yes,no,no,5,4,7,5,3,3
黄芬,2022000906,专业,3,6,yes,no,no,5,4,6,3,3,2
郑志文,2022000907,离家近,10,1,yes,no,no,2,1,5,5,2,1
陈文,2022000908,离家近,5,4,no,yes,no,4,7,6,2,2,3
赵娜,2022000909,学校名誉,9,7,no,yes,no,3,7,2,1,4,1
朱芳,2022000910,专业,6,4,yes,yes,no,3,3,1,5,1,1
许敏,2022000911,离家近,9,5,yes,no,no,5,4,5,5,4,3
叶建军,2022000912,学校名誉,1,7,yes,no,yes,4,2,6,5,1,2
唐建军,2022000913,离家近,1,1,no,no,no,5,3,2,4,1,2
吴秀英,2022000914,离家近,10,6,yes,no,no,1,7,7,2,3,3
韩子轩,2022000915,离家近,7,1,no,yes,no,1,2,2,1,5,3
高秀英,2022000916,专业,4,5,no,no,yes,2,7,6,5,5,2
刘梦涵,2022000917,离家近,6,1,no,yes,no,2,2,5,2,1,1
曾涛,2022000918,专业,8,3,no,yes,yes,1,5,6,4,1,1
沈芬,2022000919,离家近,6,4,yes,yes,yes,3,5,7,2,4,1
阎子豪,2022000920,离家近,1,3,no,no,no,4,3,2,3,5,5
郭雨欣,2022000921,其他,7,7,yes,no,no,2,7,5,2,2,2
唐宇轩,2022000922,离家近,10,5,yes,yes,no,4,2,7,1,3,2
冯国文,2022000923,离家近,10,1,yes,yes,no,3,1,5,3,5,5
高洋,2022000924,其他,10,6,no,yes,yes,3,4,5,4,5,1
赵志华,2022000925,其他,2,5,yes,no,yes,5,5,6,5,5,5
蒋欣悦,2022000926,其他,10,2,no,yes,yes,1,1,5,2,2,3
梁勇,2022000927,离家近,7,2,no,no,no,3,1,7,4,4,5
郭梦璐,2022000928,学校名誉,4,3,no,yes,no,1,5,3,1,4,3
彭国文,2022000929,其他,7,2,yes,no,no,3,6,1,5,5,2
何桂兰,2022000930,专业,10,5,no,yes,yes,2,6,7,1,2,5
郑桂英,2022000931,离家近,5,2,no,yes,no,3,6,3,3,3,1
林国文,2022000932,专业,6,2,yes,no,yes,2,2,3,3,3,2
魏志强,2022000933,学校名誉,4,3,no,no,yes,3,7,7,1,4,3
阎语涵,2022000934,学校名誉,6,1,no,yes,yes,4,6,1,5,4,4
蒋明,2022000935,其他,8,2,yes,no,no,2,4,1,1,4,3
傅强,2022000936,专业,3,7,no,no,yes,1,7,7,5,3,3
朱雨泽,2022000937,学校名誉,5,2,yes,no,yes,1,6,6,2,5,3
刘浩轩,2022000938,专业,6,6,yes,no,no,2,5,4,4,5,3
刘平,2022000939,离家近,5,5,yes,no,yes,4,4,3,2,2,4
贾建华,2022000940,学校名誉,5,3,yes,no,no,5,1,5,3,3,4
程欣慧,2022000941,学校名誉,5,1,no,no,no,2,6,7,1,3,3
唐芬,2022000942,专业,9,2,yes,no,no,5,2,5,2,3,2
杨秀兰,2022000943,专业,7,5,no,yes,no,1,2,7,4,5,3
于国庆,2022000944,其他,3,6,yes,yes,no,4,3,7,1,2,1
沈国强,2022000945,离家近,2,6,yes,yes,yes,5,5,1,5,4,5
冯芬,2022000946,专业,2,2,yes,no,no,2,3,4,4,3,1
谢欣怡,2022000947,专业,5,3,no,yes,yes,5,7,3,1,1,1
胡梦茜,2022000948,学校名誉,2,6,yes,yes,no,1,6,6,3,4,3
冯浩天,2022000949,其他,5,6,yes,no,yes,3,1,2,2,5,2
蒋敏,2022000950,离家近,3,6,yes,no,yes,2,7,1,3,2,2
谢敏,2022000951,其他,9,7,no,no,yes,5,5,3,1,5,1
赵欣怡,2022000952,学校名誉,6,2,no,yes,no,1,2,1,5,5,1
宋国庆,2022000953,离家近,7,6,no,no,yes,1,2,3,5,1,2
胡娟,2022000954,其他,7,2,no,no,yes,2,2,4,1,2,2
马伟,2022000955,专业,6,7,yes,yes,no,2,1,4,1,1,4
罗浩轩,2022000956,离家近,1,6,no,no,yes,5,3,7,4,5,2
宋子轩,2022000957,专业,7,3,yes,yes,yes,5,1,5,1,2,1
马雨轩,2022000958,学校名誉,8,2,yes,yes,no,3,6,1,2,5,4
苏宇轩,2022000959,学校名誉,9,2,yes,no,yes,3,4,1,4,2,1
高勇,2022000960,学校名誉,9,2,yes,yes,no,4,7,2,4,1,2
董欣欣,2022000961,学校名誉,6,6,no,yes,no,1,4,5,3,3,3
彭刚,2022000962,其他,7,1,yes,no,no,4,2,4,3,4,1
吴国文,2022000963,学校名誉,2,4,no,no,yes,5,2,2,5,3,4
宋欣慧,2022000964,离家近,7,2,yes,no,no,1,2,4,3,1,3
高桂英,2022000965,学校名誉,9,3,no,no,yes,4,6,4,2,1,4
王欣然,2022000966,专业,1,1,no,no,no,1,1,2,1,3,3
郭明,2022000967,学校名誉,6,7,yes,yes,no,3,6,3,3,2,4
刘宇轩,2022000968,学校名誉,7,4,yes,yes,no,2,4,1,5,5,2
宋宇轩,2022000969,其他,5,7,yes,yes,no,5,7,6,4,4,4
蔡欣怡,2022000970,专业,6,3,no,no,no,4,1,7,1,5,3
袁刚,2022000971,学校名誉,10,2,no,no,no,5,7,7,1,3,1
冯静,2022000972,其他,4,5,no,yes,yes,1,7,3,5,1,3
贾超,2022000973,其他,3,2,no,yes,yes,4,5,3,5,3,5
唐建华,2022000974,专业,5,1,yes,no,no,2,5,2,1,5,1
曹刚,2022000975,专业,6,5,yes,yes,no,2,6,1,4,5,2
丁欣然,2022000976,离家近,1,5,yes,no,no,1,4,2,4,2,3
于欣悦,2022000977,专业,5,7,no,no,yes,2,2,2,2,5,1
林艳,2022000978,其他,7,5,no,yes,no,1,6,5,1,4,1
宋子豪,2022000979,专业,6,7,yes,no,no,4,6,1,1,5,5
阎秀英,2022000980,离家近,8,7,yes,no,yes,4,3,1,3,5,4
许语蝶,2022000981,离家近,4,3,no,no,no,2,2,5,5,4,3
谢语蝶,2022000982,其他,8,5,yes,yes,yes,1,2,7,3,1,2
蒋子豪,2022000983,学校名誉,7,2,no,yes,yes,5,7,7,5,1,5
罗洋,2022000984,专业,9,5,no,yes,yes,1,7,4,2,5,4
王欣欣,2022000985,其他,10,4,yes,yes,yes,1,7,5,2,3,2
徐欣悦,2022000986,学校名誉,4,4,yes,no,no,5,1,7,5,4,4
何国强,2022000987,专业,10,7,yes,no,yes,3,7,5,1,3,2
宋建华,2022000988,离家近,10,6,no,no,yes,3,5,4,1,3,5
郑洋,2022000989,专业,4,5,yes,yes,no,5,2,6,3,3,5
宋超,2022000990,其他,9,3,no,yes,yes,5,7,3,2,5,1
刘子豪,2022000991,学校名誉,10,2,yes,no,no,5,1,7,3,5,5
胡桂兰,2022000992,学校名誉,5,3,yes,yes,no,2,6,3,3,3,4
朱浩天,2022000993,离家近,5,7,yes,yes,yes,4,3,6,1,2,3
苏浩宇,2022000994,专业,10,1,no,no,no,1,2,6,3,5,4
陈云,2022000995,离家近,5,2,yes,no,yes,3,6,4,1,2,3
曹语蝶,2022000996,离家近,9,3,no,no,yes,3,7,7,4,1,5
王秀英,2022000997,学校名誉,9,3,no,no,no,2,1,3,3,1,2
高雨泽,2022000998,其他,5,7,yes,yes,no,1,7,6,3,5,1
郭梦琪,2022000999,学校名誉,4,6,no,yes,no,4,6,1,3,3,4
